Label,x_coord,y_coord,Image,Image_length,Image_width
1.Intersectionofthecenterlineandtheroofofacar,639,122,2021_hyundai_elantra_sedan_limited_f_oem_1_1280x855.jpg,1280,855
2.Intersectionofthecenterlineandtheupperedgeofthefrontwindshield,639,145,2021_hyundai_elantra_sedan_limited_f_oem_1_1280x855.jpg,1280,855
3.Intersectionofthecenterlineandtheloweredgeofthefrontwindshield,640,291,2021_hyundai_elantra_sedan_limited_f_oem_1_1280x855.jpg,1280,855
4.Intersectionofthecenterlineandtheupperedgeofthegrille,640,455,2021_hyundai_elantra_sedan_limited_f_oem_1_1280x855.jpg,1280,855
5.Intersectionofthecenterlineandtheloweredgeofthegrille,640,512,2021_hyundai_elantra_sedan_limited_f_oem_1_1280x855.jpg,1280,855
6.Intersectionofthecenterlineandtheupperedgeofthecenterbumperbox,640,512,2021_hyundai_elantra_sedan_limited_f_oem_1_1280x855.jpg,1280,855
7.Intersectionofthecenterlineandtheloweredgeofthecenterbumperbox,640,607,2021_hyundai_elantra_sedan_limited_f_oem_1_1280x855.jpg,1280,855
8.Intersectionofthecenterlineandthebaseofthecar,639,679,2021_hyundai_elantra_sedan_limited_f_oem_1_1280x855.jpg,1280,855
9.Upperleftcorneroftheroof,393,137,2021_hyundai_elantra_sedan_limited_f_oem_1_1280x855.jpg,1280,855
10.Upperrightcorneroftheroof,872,137,2021_hyundai_elantra_sedan_limited_f_oem_1_1280x855.jpg,1280,855
11.Upperleftcornerofthewindshield,376,163,2021_hyundai_elantra_sedan_limited_f_oem_1_1280x855.jpg,1280,855
12.Upperrightcornerofthewindshield,898,163,2021_hyundai_elantra_sedan_limited_f_oem_1_1280x855.jpg,1280,855
13.Lowerleftcornerofthewindshield,302,300,2021_hyundai_elantra_sedan_limited_f_oem_1_1280x855.jpg,1280,855
14.Lowerrightcornerofthewindshield,967,300,2021_hyundai_elantra_sedan_limited_f_oem_1_1280x855.jpg,1280,855
15.Upperleftcorneroftheleftmirror,213,265,2021_hyundai_elantra_sedan_limited_f_oem_1_1280x855.jpg,1280,855
16.Upperrightcorneroftheleftmirror,263,263,2021_hyundai_elantra_sedan_limited_f_oem_1_1280x855.jpg,1280,855
17.Lowerleftcorneroftheleftmirror,202,320,2021_hyundai_elantra_sedan_limited_f_oem_1_1280x855.jpg,1280,855
18.Lowercorneroftheconnectionoftheleftmirrorwiththecar,278,311,2021_hyundai_elantra_sedan_limited_f_oem_1_1280x855.jpg,1280,855
19.Upperleftcorneroftherightmirror,1002,261,2021_hyundai_elantra_sedan_limited_f_oem_1_1280x855.jpg,1280,855
20.Upperrightcorneroftherightmirror,1068,265,2021_hyundai_elantra_sedan_limited_f_oem_1_1280x855.jpg,1280,855
21.Lowerrightcorneroftherightmirror,1081,311,2021_hyundai_elantra_sedan_limited_f_oem_1_1280x855.jpg,1280,855
22.Lowercorneroftheconnectionoftherightmirrorwiththecar,991,313,2021_hyundai_elantra_sedan_limited_f_oem_1_1280x855.jpg,1280,855
23.Farthestleftedgeofthecaratthesamehorizontalleveloftheupperedgeofthebumper(thedarkerline),208,476,2021_hyundai_elantra_sedan_limited_f_oem_1_1280x855.jpg,1280,855
24.Farthestrightedgeofthecaratthesamehorizontalleveloftheupperedgeofthebumper(thedarkerline),1061,473,2021_hyundai_elantra_sedan_limited_f_oem_1_1280x855.jpg,1280,855
25.Leftcornerofthebase,226,664,2021_hyundai_elantra_sedan_limited_f_oem_1_1280x855.jpg,1280,855
26.Rightcornerofthebase,1044,664,2021_hyundai_elantra_sedan_limited_f_oem_1_1280x855.jpg,1280,855
27.Upperleftcorneroftheleftheadlight,256,374,2021_hyundai_elantra_sedan_limited_f_oem_1_1280x855.jpg,1280,855
28.Upperrightcorneroftheleftheadlight,367,448,2021_hyundai_elantra_sedan_limited_f_oem_1_1280x855.jpg,1280,855
29.Lowerleftcorneroftheleftheadlight,232,455,2021_hyundai_elantra_sedan_limited_f_oem_1_1280x855.jpg,1280,855
30.Lowerrightcorneroftheleftheadlight,284,481,2021_hyundai_elantra_sedan_limited_f_oem_1_1280x855.jpg,1280,855
31.Upperleftcorneroftherightheadlight,900,448,2021_hyundai_elantra_sedan_limited_f_oem_1_1280x855.jpg,1280,855
32.Upperrightcorneroftherightheadlight,1017,376,2021_hyundai_elantra_sedan_limited_f_oem_1_1280x855.jpg,1280,855
33.Lowerleftcorneroftherightheadlight,991,479,2021_hyundai_elantra_sedan_limited_f_oem_1_1280x855.jpg,1280,855
34.Lowerrightcorneroftherightheadlight,1037,457,2021_hyundai_elantra_sedan_limited_f_oem_1_1280x855.jpg,1280,855
35.Upperleftcornerofthegrille,415,455,2021_hyundai_elantra_sedan_limited_f_oem_1_1280x855.jpg,1280,855
36.Upperrightcornerofthegrille,861,455,2021_hyundai_elantra_sedan_limited_f_oem_1_1280x855.jpg,1280,855
37.Lowerleftcornerofthegrille,358,509,2021_hyundai_elantra_sedan_limited_f_oem_1_1280x855.jpg,1280,855
38.Lowerrightcornerofthegrille,913,503,2021_hyundai_elantra_sedan_limited_f_oem_1_1280x855.jpg,1280,855
39.Upperleftcornerofthecenterbumperbox,286,481,2021_hyundai_elantra_sedan_limited_f_oem_1_1280x855.jpg,1280,855
40.Upperrightcornerofthecenterbumperbox,913,503,2021_hyundai_elantra_sedan_limited_f_oem_1_1280x855.jpg,1280,855
41.Lowerleftcornerofthecenterbumperbox,469,600,2021_hyundai_elantra_sedan_limited_f_oem_1_1280x855.jpg,1280,855
42.Lowerrightcornerofthecenterbumperbox,802,603,2021_hyundai_elantra_sedan_limited_f_oem_1_1280x855.jpg,1280,855
43.Upperleftcorneroftheleftbumperbox,243,531,2021_hyundai_elantra_sedan_limited_f_oem_1_1280x855.jpg,1280,855
44.Upperrightcorneroftheleftbumperbox,263,587,2021_hyundai_elantra_sedan_limited_f_oem_1_1280x855.jpg,1280,855
45.Lowerleftcorneroftheleftbumperbox,219,629,2021_hyundai_elantra_sedan_limited_f_oem_1_1280x855.jpg,1280,855
46.Lowerrightcorneroftheleftbumperbox,265,587,2021_hyundai_elantra_sedan_limited_f_oem_1_1280x855.jpg,1280,855
47.Upperleftcorneroftherightbumperbox,1009,581,2021_hyundai_elantra_sedan_limited_f_oem_1_1280x855.jpg,1280,855
48.Upperrightcorneroftherightbumperbox,1024,522,2021_hyundai_elantra_sedan_limited_f_oem_1_1280x855.jpg,1280,855
49.Lowerleftcorneroftherightbumperbox,1009,581,2021_hyundai_elantra_sedan_limited_f_oem_1_1280x855.jpg,1280,855
50.Lowerrightcorneroftherightbumperbox,1050,629,2021_hyundai_elantra_sedan_limited_f_oem_1_1280x855.jpg,1280,855
1.Intersectionofthecenterlineandtheroofofacar,640,82,2023_honda_civic_sedan_si_f_oem_1_1280x855.jpg,1280,855
2.Intersectionofthecenterlineandtheupperedgeofthefrontwindshield,640,115,2023_honda_civic_sedan_si_f_oem_1_1280x855.jpg,1280,855
3.Intersectionofthecenterlineandtheloweredgeofthefrontwindshield,640,288,2023_honda_civic_sedan_si_f_oem_1_1280x855.jpg,1280,855
4.Intersectionofthecenterlineandtheupperedgeofthegrille,640,465,2023_honda_civic_sedan_si_f_oem_1_1280x855.jpg,1280,855
5.Intersectionofthecenterlineandtheloweredgeofthegrille,640,531,2023_honda_civic_sedan_si_f_oem_1_1280x855.jpg,1280,855
6.Intersectionofthecenterlineandtheupperedgeofthecenterbumperbox,640,567,2023_honda_civic_sedan_si_f_oem_1_1280x855.jpg,1280,855
7.Intersectionofthecenterlineandtheloweredgeofthecenterbumperbox,640,688,2023_honda_civic_sedan_si_f_oem_1_1280x855.jpg,1280,855
8.Intersectionofthecenterlineandthebaseofthecar,640,702,2023_honda_civic_sedan_si_f_oem_1_1280x855.jpg,1280,855
9.Upperleftcorneroftheroof,368,96,2023_honda_civic_sedan_si_f_oem_1_1280x855.jpg,1280,855
10.Upperrightcorneroftheroof,904,99,2023_honda_civic_sedan_si_f_oem_1_1280x855.jpg,1280,855
11.Upperleftcornerofthewindshield,356,121,2023_honda_civic_sedan_si_f_oem_1_1280x855.jpg,1280,855
12.Upperrightcornerofthewindshield,911,121,2023_honda_civic_sedan_si_f_oem_1_1280x855.jpg,1280,855
13.Lowerleftcornerofthewindshield,268,294,2023_honda_civic_sedan_si_f_oem_1_1280x855.jpg,1280,855
14.Lowerrightcornerofthewindshield,1001,294,2023_honda_civic_sedan_si_f_oem_1_1280x855.jpg,1280,855
15.Upperleftcorneroftheleftmirror,128,258,2023_honda_civic_sedan_si_f_oem_1_1280x855.jpg,1280,855
16.Upperrightcorneroftheleftmirror,221,250,2023_honda_civic_sedan_si_f_oem_1_1280x855.jpg,1280,855
17.Lowerleftcorneroftheleftmirror,140,304,2023_honda_civic_sedan_si_f_oem_1_1280x855.jpg,1280,855
18.Lowercorneroftheconnectionoftheleftmirrorwiththecar,217,333,2023_honda_civic_sedan_si_f_oem_1_1280x855.jpg,1280,855
19.Upperleftcorneroftherightmirror,1048,254,2023_honda_civic_sedan_si_f_oem_1_1280x855.jpg,1280,855
20.Upperrightcorneroftherightmirror,1146,260,2023_honda_civic_sedan_si_f_oem_1_1280x855.jpg,1280,855
21.Lowerrightcorneroftherightmirror,1125,304,2023_honda_civic_sedan_si_f_oem_1_1280x855.jpg,1280,855
22.Lowercorneroftheconnectionoftherightmirrorwiththecar,1050,337,2023_honda_civic_sedan_si_f_oem_1_1280x855.jpg,1280,855
23.Farthestleftedgeofthecaratthesamehorizontalleveloftheupperedgeofthebumper(thedarkerline),166,487,2023_honda_civic_sedan_si_f_oem_1_1280x855.jpg,1280,855
24.Farthestrightedgeofthecaratthesamehorizontalleveloftheupperedgeofthebumper(thedarkerline),1105,487,2023_honda_civic_sedan_si_f_oem_1_1280x855.jpg,1280,855
25.Leftcornerofthebase,191,705,2023_honda_civic_sedan_si_f_oem_1_1280x855.jpg,1280,855
26.Rightcornerofthebase,1081,703,2023_honda_civic_sedan_si_f_oem_1_1280x855.jpg,1280,855
27.Upperleftcorneroftheleftheadlight,197,402,2023_honda_civic_sedan_si_f_oem_1_1280x855.jpg,1280,855
28.Upperrightcorneroftheleftheadlight,400,444,2023_honda_civic_sedan_si_f_oem_1_1280x855.jpg,1280,855
29.Lowerleftcorneroftheleftheadlight,182,466,2023_honda_civic_sedan_si_f_oem_1_1280x855.jpg,1280,855
30.Lowerrightcorneroftheleftheadlight,395,487,2023_honda_civic_sedan_si_f_oem_1_1280x855.jpg,1280,855
31.Upperleftcorneroftherightheadlight,872,437,2023_honda_civic_sedan_si_f_oem_1_1280x855.jpg,1280,855
32.Upperrightcorneroftherightheadlight,1070,396,2023_honda_civic_sedan_si_f_oem_1_1280x855.jpg,1280,855
33.Lowerleftcorneroftherightheadlight,883,490,2023_honda_civic_sedan_si_f_oem_1_1280x855.jpg,1280,855
34.Lowerrightcorneroftherightheadlight,1083,461,2023_honda_civic_sedan_si_f_oem_1_1280x855.jpg,1280,855
35.Upperleftcornerofthegrille,454,457,2023_honda_civic_sedan_si_f_oem_1_1280x855.jpg,1280,855
36.Upperrightcornerofthegrille,828,453,2023_honda_civic_sedan_si_f_oem_1_1280x855.jpg,1280,855
37.Lowerleftcornerofthegrille,526,529,2023_honda_civic_sedan_si_f_oem_1_1280x855.jpg,1280,855
38.Lowerrightcornerofthegrille,750,529,2023_honda_civic_sedan_si_f_oem_1_1280x855.jpg,1280,855
39.Upperleftcornerofthecenterbumperbox,417,568,2023_honda_civic_sedan_si_f_oem_1_1280x855.jpg,1280,855
40.Upperrightcornerofthecenterbumperbox,859,568,2023_honda_civic_sedan_si_f_oem_1_1280x855.jpg,1280,855
41.Lowerleftcornerofthecenterbumperbox,341,668,2023_honda_civic_sedan_si_f_oem_1_1280x855.jpg,1280,855
42.Lowerrightcornerofthecenterbumperbox,928,672,2023_honda_civic_sedan_si_f_oem_1_1280x855.jpg,1280,855
43.Upperleftcorneroftheleftbumperbox,199,566,2023_honda_civic_sedan_si_f_oem_1_1280x855.jpg,1280,855
44.Upperrightcorneroftheleftbumperbox,306,566,2023_honda_civic_sedan_si_f_oem_1_1280x855.jpg,1280,855
45.Lowerleftcorneroftheleftbumperbox,183,650,2023_honda_civic_sedan_si_f_oem_1_1280x855.jpg,1280,855
46.Lowerrightcorneroftheleftbumperbox,263,655,2023_honda_civic_sedan_si_f_oem_1_1280x855.jpg,1280,855
47.Upperleftcorneroftherightbumperbox,965,561,2023_honda_civic_sedan_si_f_oem_1_1280x855.jpg,1280,855
48.Upperrightcorneroftherightbumperbox,1072,566,2023_honda_civic_sedan_si_f_oem_1_1280x855.jpg,1280,855
49.Lowerleftcorneroftherightbumperbox,1003,654,2023_honda_civic_sedan_si_f_oem_1_1280x855.jpg,1280,855
50.Lowerrightcorneroftherightbumperbox,1085,638,2023_honda_civic_sedan_si_f_oem_1_1280x855.jpg,1280,855
1.Intersectionofthecenterlineandtheroofofacar,640,80,2023_kia_k5_sedan_lxs_fs_izmo_1_1280x855.jpg,1280,855
2.Intersectionofthecenterlineandtheupperedgeofthefrontwindshield,640,122,2023_kia_k5_sedan_lxs_fs_izmo_1_1280x855.jpg,1280,855
3.Intersectionofthecenterlineandtheloweredgeofthefrontwindshield,640,275,2023_kia_k5_sedan_lxs_fs_izmo_1_1280x855.jpg,1280,855
4.Intersectionofthecenterlineandtheupperedgeofthegrille,640,493,2023_kia_k5_sedan_lxs_fs_izmo_1_1280x855.jpg,1280,855
5.Intersectionofthecenterlineandtheloweredgeofthegrille,640,550,2023_kia_k5_sedan_lxs_fs_izmo_1_1280x855.jpg,1280,855
6.Intersectionofthecenterlineandtheupperedgeofthecenterbumperbox,640,644,2023_kia_k5_sedan_lxs_fs_izmo_1_1280x855.jpg,1280,855
7.Intersectionofthecenterlineandtheloweredgeofthecenterbumperbox,640,709,2023_kia_k5_sedan_lxs_fs_izmo_1_1280x855.jpg,1280,855
8.Intersectionofthecenterlineandthebaseofthecar,640,726,2023_kia_k5_sedan_lxs_fs_izmo_1_1280x855.jpg,1280,855
9.Upperleftcorneroftheroof,438,97,2023_kia_k5_sedan_lxs_fs_izmo_1_1280x855.jpg,1280,855
10.Upperrightcorneroftheroof,851,95,2023_kia_k5_sedan_lxs_fs_izmo_1_1280x855.jpg,1280,855
11.Upperleftcornerofthewindshield,399,134,2023_kia_k5_sedan_lxs_fs_izmo_1_1280x855.jpg,1280,855
12.Upperrightcornerofthewindshield,878,132,2023_kia_k5_sedan_lxs_fs_izmo_1_1280x855.jpg,1280,855
13.Lowerleftcornerofthewindshield,339,280,2023_kia_k5_sedan_lxs_fs_izmo_1_1280x855.jpg,1280,855
14.Lowerrightcornerofthewindshield,950,279,2023_kia_k5_sedan_lxs_fs_izmo_1_1280x855.jpg,1280,855
15.Upperleftcorneroftheleftmirror,230,253,2023_kia_k5_sedan_lxs_fs_izmo_1_1280x855.jpg,1280,855
16.Upperrightcorneroftheleftmirror,291,227,2023_kia_k5_sedan_lxs_fs_izmo_1_1280x855.jpg,1280,855
17.Lowerleftcorneroftheleftmirror,247,282,2023_kia_k5_sedan_lxs_fs_izmo_1_1280x855.jpg,1280,855
18.Lowercorneroftheconnectionoftheleftmirrorwiththecar,289,313,2023_kia_k5_sedan_lxs_fs_izmo_1_1280x855.jpg,1280,855
19.Upperleftcorneroftherightmirror,996,225,2023_kia_k5_sedan_lxs_fs_izmo_1_1280x855.jpg,1280,855
20.Upperrightcorneroftherightmirror,1060,251,2023_kia_k5_sedan_lxs_fs_izmo_1_1280x855.jpg,1280,855
21.Lowerrightcorneroftherightmirror,1049,280,2023_kia_k5_sedan_lxs_fs_izmo_1_1280x855.jpg,1280,855
22.Lowercorneroftheconnectionoftherightmirrorwiththecar,996,313,2023_kia_k5_sedan_lxs_fs_izmo_1_1280x855.jpg,1280,855
23.Farthestleftedgeofthecaratthesamehorizontalleveloftheupperedgeofthebumper(thedarkerline),218,501,2023_kia_k5_sedan_lxs_fs_izmo_1_1280x855.jpg,1280,855
24.Farthestrightedgeofthecaratthesamehorizontalleveloftheupperedgeofthebumper(thedarkerline),1071,502,2023_kia_k5_sedan_lxs_fs_izmo_1_1280x855.jpg,1280,855
25.Leftcornerofthebase,233,689,2023_kia_k5_sedan_lxs_fs_izmo_1_1280x855.jpg,1280,855
26.Rightcornerofthebase,1058,696,2023_kia_k5_sedan_lxs_fs_izmo_1_1280x855.jpg,1280,855
27.Upperleftcorneroftheleftheadlight,274,446,2023_kia_k5_sedan_lxs_fs_izmo_1_1280x855.jpg,1280,855
28.Upperrightcorneroftheleftheadlight,384,478,2023_kia_k5_sedan_lxs_fs_izmo_1_1280x855.jpg,1280,855
29.Lowerleftcorneroftheleftheadlight,266,467,2023_kia_k5_sedan_lxs_fs_izmo_1_1280x855.jpg,1280,855
30.Lowerrightcorneroftheleftheadlight,375,496,2023_kia_k5_sedan_lxs_fs_izmo_1_1280x855.jpg,1280,855
31.Upperleftcorneroftherightheadlight,905,478,2023_kia_k5_sedan_lxs_fs_izmo_1_1280x855.jpg,1280,855
32.Upperrightcorneroftherightheadlight,1020,444,2023_kia_k5_sedan_lxs_fs_izmo_1_1280x855.jpg,1280,855
33.Lowerleftcorneroftherightheadlight,914,498,2023_kia_k5_sedan_lxs_fs_izmo_1_1280x855.jpg,1280,855
34.Lowerrightcorneroftherightheadlight,1024,469,2023_kia_k5_sedan_lxs_fs_izmo_1_1280x855.jpg,1280,855
35.Upperleftcornerofthegrille,404,480,2023_kia_k5_sedan_lxs_fs_izmo_1_1280x855.jpg,1280,855
36.Upperrightcornerofthegrille,885,482,2023_kia_k5_sedan_lxs_fs_izmo_1_1280x855.jpg,1280,855
37.Lowerleftcornerofthegrille,252,489,2023_kia_k5_sedan_lxs_fs_izmo_1_1280x855.jpg,1280,855
38.Lowerrightcornerofthegrille,1041,487,2023_kia_k5_sedan_lxs_fs_izmo_1_1280x855.jpg,1280,855
39.Upperleftcornerofthecenterbumperbox,444,644,2023_kia_k5_sedan_lxs_fs_izmo_1_1280x855.jpg,1280,855
40.Upperrightcornerofthecenterbumperbox,847,647,2023_kia_k5_sedan_lxs_fs_izmo_1_1280x855.jpg,1280,855
41.Lowerleftcornerofthecenterbumperbox,387,704,2023_kia_k5_sedan_lxs_fs_izmo_1_1280x855.jpg,1280,855
42.Lowerrightcornerofthecenterbumperbox,903,702,2023_kia_k5_sedan_lxs_fs_izmo_1_1280x855.jpg,1280,855
43.Upperleftcorneroftheleftbumperbox,271,548,2023_kia_k5_sedan_lxs_fs_izmo_1_1280x855.jpg,1280,855
44.Upperrightcorneroftheleftbumperbox,291,604,2023_kia_k5_sedan_lxs_fs_izmo_1_1280x855.jpg,1280,855
45.Lowerleftcorneroftheleftbumperbox,236,640,2023_kia_k5_sedan_lxs_fs_izmo_1_1280x855.jpg,1280,855
46.Lowerrightcorneroftheleftbumperbox,254,657,2023_kia_k5_sedan_lxs_fs_izmo_1_1280x855.jpg,1280,855
47.Upperleftcorneroftherightbumperbox,1005,595,2023_kia_k5_sedan_lxs_fs_izmo_1_1280x855.jpg,1280,855
48.Upperrightcorneroftherightbumperbox,1019,547,2023_kia_k5_sedan_lxs_fs_izmo_1_1280x855.jpg,1280,855
49.Lowerleftcorneroftherightbumperbox,1036,659,2023_kia_k5_sedan_lxs_fs_izmo_1_1280x855.jpg,1280,855
50.Lowerrightcorneroftherightbumperbox,1054,640,2023_kia_k5_sedan_lxs_fs_izmo_1_1280x855.jpg,1280,855
1.Intersectionofthecenterlineandtheroofofacar,640,93,2023_mazda_3_sedan_premium_f_oem_1_1280x855.jpg,1280,855
2.Intersectionofthecenterlineandtheupperedgeofthefrontwindshield,640,123,2023_mazda_3_sedan_premium_f_oem_1_1280x855.jpg,1280,855
3.Intersectionofthecenterlineandtheloweredgeofthefrontwindshield,640,275,2023_mazda_3_sedan_premium_f_oem_1_1280x855.jpg,1280,855
4.Intersectionofthecenterlineandtheupperedgeofthegrille,640,450,2023_mazda_3_sedan_premium_f_oem_1_1280x855.jpg,1280,855
5.Intersectionofthecenterlineandtheloweredgeofthegrille,640,627,2023_mazda_3_sedan_premium_f_oem_1_1280x855.jpg,1280,855
6.Intersectionofthecenterlineandtheupperedgeofthecenterbumperbox,639,643,2023_mazda_3_sedan_premium_f_oem_1_1280x855.jpg,1280,855
7.Intersectionofthecenterlineandtheloweredgeofthecenterbumperbox,640,664,2023_mazda_3_sedan_premium_f_oem_1_1280x855.jpg,1280,855
8.Intersectionofthecenterlineandthebaseofthecar,640,689,2023_mazda_3_sedan_premium_f_oem_1_1280x855.jpg,1280,855
9.Upperleftcorneroftheroof,410,98,2023_mazda_3_sedan_premium_f_oem_1_1280x855.jpg,1280,855
10.Upperrightcorneroftheroof,852,98,2023_mazda_3_sedan_premium_f_oem_1_1280x855.jpg,1280,855
11.Upperleftcornerofthewindshield,374,136,2023_mazda_3_sedan_premium_f_oem_1_1280x855.jpg,1280,855
12.Upperrightcornerofthewindshield,896,135,2023_mazda_3_sedan_premium_f_oem_1_1280x855.jpg,1280,855
13.Lowerleftcornerofthewindshield,314,279,2023_mazda_3_sedan_premium_f_oem_1_1280x855.jpg,1280,855
14.Lowerrightcornerofthewindshield,964,278,2023_mazda_3_sedan_premium_f_oem_1_1280x855.jpg,1280,855
15.Upperleftcorneroftheleftmirror,202,251,2023_mazda_3_sedan_premium_f_oem_1_1280x855.jpg,1280,855
16.Upperrightcorneroftheleftmirror,276,233,2023_mazda_3_sedan_premium_f_oem_1_1280x855.jpg,1280,855
17.Lowerleftcorneroftheleftmirror,206,276,2023_mazda_3_sedan_premium_f_oem_1_1280x855.jpg,1280,855
18.Lowercorneroftheconnectionoftheleftmirrorwiththecar,261,309,2023_mazda_3_sedan_premium_f_oem_1_1280x855.jpg,1280,855
19.Upperleftcorneroftherightmirror,1001,230,2023_mazda_3_sedan_premium_f_oem_1_1280x855.jpg,1280,855
20.Upperrightcorneroftherightmirror,1081,246,2023_mazda_3_sedan_premium_f_oem_1_1280x855.jpg,1280,855
21.Lowerrightcorneroftherightmirror,1072,279,2023_mazda_3_sedan_premium_f_oem_1_1280x855.jpg,1280,855
22.Lowercorneroftheconnectionoftherightmirrorwiththecar,1013,309,2023_mazda_3_sedan_premium_f_oem_1_1280x855.jpg,1280,855
23.Farthestleftedgeofthecaratthesamehorizontalleveloftheupperedgeofthebumper(thedarkerline),205,475,2023_mazda_3_sedan_premium_f_oem_1_1280x855.jpg,1280,855
24.Farthestrightedgeofthecaratthesamehorizontalleveloftheupperedgeofthebumper(thedarkerline),1085,475,2023_mazda_3_sedan_premium_f_oem_1_1280x855.jpg,1280,855
25.Leftcornerofthebase,224,689,2023_mazda_3_sedan_premium_f_oem_1_1280x855.jpg,1280,855
26.Rightcornerofthebase,1066,689,2023_mazda_3_sedan_premium_f_oem_1_1280x855.jpg,1280,855
27.Upperleftcorneroftheleftheadlight,226,408,2023_mazda_3_sedan_premium_f_oem_1_1280x855.jpg,1280,855
28.Upperrightcorneroftheleftheadlight,385,461,2023_mazda_3_sedan_premium_f_oem_1_1280x855.jpg,1280,855
29.Lowerleftcorneroftheleftheadlight,222,454,2023_mazda_3_sedan_premium_f_oem_1_1280x855.jpg,1280,855
30.Lowerrightcorneroftheleftheadlight,339,486,2023_mazda_3_sedan_premium_f_oem_1_1280x855.jpg,1280,855
31.Upperleftcorneroftherightheadlight,908,464,2023_mazda_3_sedan_premium_f_oem_1_1280x855.jpg,1280,855
32.Upperrightcorneroftherightheadlight,1066,405,2023_mazda_3_sedan_premium_f_oem_1_1280x855.jpg,1280,855
33.Lowerleftcorneroftherightheadlight,955,485,2023_mazda_3_sedan_premium_f_oem_1_1280x855.jpg,1280,855
34.Lowerrightcorneroftherightheadlight,1063,454,2023_mazda_3_sedan_premium_f_oem_1_1280x855.jpg,1280,855
35.Upperleftcornerofthegrille,443,455,2023_mazda_3_sedan_premium_f_oem_1_1280x855.jpg,1280,855
36.Upperrightcornerofthegrille,853,455,2023_mazda_3_sedan_premium_f_oem_1_1280x855.jpg,1280,855
37.Lowerleftcornerofthegrille,440,592,2023_mazda_3_sedan_premium_f_oem_1_1280x855.jpg,1280,855
38.Lowerrightcornerofthegrille,853,593,2023_mazda_3_sedan_premium_f_oem_1_1280x855.jpg,1280,855
39.Upperleftcornerofthecenterbumperbox,405,632,2023_mazda_3_sedan_premium_f_oem_1_1280x855.jpg,1280,855
40.Upperrightcornerofthecenterbumperbox,893,633,2023_mazda_3_sedan_premium_f_oem_1_1280x855.jpg,1280,855
41.Lowerleftcornerofthecenterbumperbox,363,664,2023_mazda_3_sedan_premium_f_oem_1_1280x855.jpg,1280,855
42.Lowerrightcornerofthecenterbumperbox,924,664,2023_mazda_3_sedan_premium_f_oem_1_1280x855.jpg,1280,855
43.Upperleftcorneroftheleftbumperbox,235,629,2023_mazda_3_sedan_premium_f_oem_1_1280x855.jpg,1280,855
44.Upperrightcorneroftheleftbumperbox,389,632,2023_mazda_3_sedan_premium_f_oem_1_1280x855.jpg,1280,855
45.Lowerleftcorneroftheleftbumperbox,222,669,2023_mazda_3_sedan_premium_f_oem_1_1280x855.jpg,1280,855
46.Lowerrightcorneroftheleftbumperbox,343,660,2023_mazda_3_sedan_premium_f_oem_1_1280x855.jpg,1280,855
47.Upperleftcorneroftherightbumperbox,905,629,2023_mazda_3_sedan_premium_f_oem_1_1280x855.jpg,1280,855
48.Upperrightcorneroftherightbumperbox,1046,633,2023_mazda_3_sedan_premium_f_oem_1_1280x855.jpg,1280,855
49.Lowerleftcorneroftherightbumperbox,944,656,2023_mazda_3_sedan_premium_f_oem_1_1280x855.jpg,1280,855
50.Lowerrightcorneroftherightbumperbox,1068,663,2023_mazda_3_sedan_premium_f_oem_1_1280x855.jpg,1280,855
1.Intersectionofthecenterlineandtheroofofacar,640,113,2023_nissan_versa_sedan_sr_f_oem_1_1280x855.jpg,1280,855
2.Intersectionofthecenterlineandtheupperedgeofthefrontwindshield,640,136,2023_nissan_versa_sedan_sr_f_oem_1_1280x855.jpg,1280,855
3.Intersectionofthecenterlineandtheloweredgeofthefrontwindshield,640,283,2023_nissan_versa_sedan_sr_f_oem_1_1280x855.jpg,1280,855
4.Intersectionofthecenterlineandtheupperedgeofthegrille,640,436,2023_nissan_versa_sedan_sr_f_oem_1_1280x855.jpg,1280,855
5.Intersectionofthecenterlineandtheloweredgeofthegrille,640,592,2023_nissan_versa_sedan_sr_f_oem_1_1280x855.jpg,1280,855
6.Intersectionofthecenterlineandtheupperedgeofthecenterbumperbox,640,601,2023_nissan_versa_sedan_sr_f_oem_1_1280x855.jpg,1280,855
7.Intersectionofthecenterlineandtheloweredgeofthecenterbumperbox,640,631,2023_nissan_versa_sedan_sr_f_oem_1_1280x855.jpg,1280,855
8.Intersectionofthecenterlineandthebaseofthecar,640,640,2023_nissan_versa_sedan_sr_f_oem_1_1280x855.jpg,1280,855
9.Upperleftcorneroftheroof,417,123,2023_nissan_versa_sedan_sr_f_oem_1_1280x855.jpg,1280,855
10.Upperrightcorneroftheroof,852,125,2023_nissan_versa_sedan_sr_f_oem_1_1280x855.jpg,1280,855
11.Upperleftcornerofthewindshield,395,148,2023_nissan_versa_sedan_sr_f_oem_1_1280x855.jpg,1280,855
12.Upperrightcornerofthewindshield,874,149,2023_nissan_versa_sedan_sr_f_oem_1_1280x855.jpg,1280,855
13.Lowerleftcornerofthewindshield,341,285,2023_nissan_versa_sedan_sr_f_oem_1_1280x855.jpg,1280,855
14.Lowerrightcornerofthewindshield,930,285,2023_nissan_versa_sedan_sr_f_oem_1_1280x855.jpg,1280,855
15.Upperleftcorneroftheleftmirror,212,277,2023_nissan_versa_sedan_sr_f_oem_1_1280x855.jpg,1280,855
16.Upperrightcorneroftheleftmirror,276,261,2023_nissan_versa_sedan_sr_f_oem_1_1280x855.jpg,1280,855
17.Lowerleftcorneroftheleftmirror,219,313,2023_nissan_versa_sedan_sr_f_oem_1_1280x855.jpg,1280,855
18.Lowercorneroftheconnectionoftheleftmirrorwiththecar,276,350,2023_nissan_versa_sedan_sr_f_oem_1_1280x855.jpg,1280,855
19.Upperleftcorneroftherightmirror,997,259,2023_nissan_versa_sedan_sr_f_oem_1_1280x855.jpg,1280,855
20.Upperrightcorneroftherightmirror,1065,274,2023_nissan_versa_sedan_sr_f_oem_1_1280x855.jpg,1280,855
21.Lowerrightcorneroftherightmirror,1056,316,2023_nissan_versa_sedan_sr_f_oem_1_1280x855.jpg,1280,855
22.Lowercorneroftheconnectionoftherightmirrorwiththecar,995,348,2023_nissan_versa_sedan_sr_f_oem_1_1280x855.jpg,1280,855
23.Farthestleftedgeofthecaratthesamehorizontalleveloftheupperedgeofthebumper(thedarkerline),243,445,2023_nissan_versa_sedan_sr_f_oem_1_1280x855.jpg,1280,855
24.Farthestrightedgeofthecaratthesamehorizontalleveloftheupperedgeofthebumper(thedarkerline),1030,445,2023_nissan_versa_sedan_sr_f_oem_1_1280x855.jpg,1280,855
25.Leftcornerofthebase,261,647,2023_nissan_versa_sedan_sr_f_oem_1_1280x855.jpg,1280,855
26.Rightcornerofthebase,1008,648,2023_nissan_versa_sedan_sr_f_oem_1_1280x855.jpg,1280,855
27.Upperleftcorneroftheleftheadlight,277,364,2023_nissan_versa_sedan_sr_f_oem_1_1280x855.jpg,1280,855
28.Upperrightcorneroftheleftheadlight,436,422,2023_nissan_versa_sedan_sr_f_oem_1_1280x855.jpg,1280,855
29.Lowerleftcorneroftheleftheadlight,282,433,2023_nissan_versa_sedan_sr_f_oem_1_1280x855.jpg,1280,855
30.Lowerrightcorneroftheleftheadlight,407,460,2023_nissan_versa_sedan_sr_f_oem_1_1280x855.jpg,1280,855
31.Upperleftcorneroftherightheadlight,837,419,2023_nissan_versa_sedan_sr_f_oem_1_1280x855.jpg,1280,855
32.Upperrightcorneroftherightheadlight,992,363,2023_nissan_versa_sedan_sr_f_oem_1_1280x855.jpg,1280,855
33.Lowerleftcorneroftherightheadlight,992,431,2023_nissan_versa_sedan_sr_f_oem_1_1280x855.jpg,1280,855
34.Lowerrightcorneroftherightheadlight,865,457,2023_nissan_versa_sedan_sr_f_oem_1_1280x855.jpg,1280,855
35.Upperleftcornerofthegrille,441,423,2023_nissan_versa_sedan_sr_f_oem_1_1280x855.jpg,1280,855
36.Upperrightcornerofthegrille,831,423,2023_nissan_versa_sedan_sr_f_oem_1_1280x855.jpg,1280,855
37.Lowerleftcornerofthegrille,490,589,2023_nissan_versa_sedan_sr_f_oem_1_1280x855.jpg,1280,855
38.Lowerrightcornerofthegrille,812,589,2023_nissan_versa_sedan_sr_f_oem_1_1280x855.jpg,1280,855
39.Upperleftcornerofthecenterbumperbox,471,601,2023_nissan_versa_sedan_sr_f_oem_1_1280x855.jpg,1280,855
40.Upperrightcornerofthecenterbumperbox,801,599,2023_nissan_versa_sedan_sr_f_oem_1_1280x855.jpg,1280,855
41.Lowerleftcornerofthecenterbumperbox,469,628,2023_nissan_versa_sedan_sr_f_oem_1_1280x855.jpg,1280,855
42.Lowerrightcornerofthecenterbumperbox,800,625,2023_nissan_versa_sedan_sr_f_oem_1_1280x855.jpg,1280,855
43.Upperleftcorneroftheleftbumperbox,262,563,2023_nissan_versa_sedan_sr_f_oem_1_1280x855.jpg,1280,855
44.Upperrightcorneroftheleftbumperbox,361,578,2023_nissan_versa_sedan_sr_f_oem_1_1280x855.jpg,1280,855
45.Lowerleftcorneroftheleftbumperbox,268,603,2023_nissan_versa_sedan_sr_f_oem_1_1280x855.jpg,1280,855
46.Lowerrightcorneroftheleftbumperbox,340,608,2023_nissan_versa_sedan_sr_f_oem_1_1280x855.jpg,1280,855
47.Upperleftcorneroftherightbumperbox,913,579,2023_nissan_versa_sedan_sr_f_oem_1_1280x855.jpg,1280,855
48.Upperrightcorneroftherightbumperbox,1006,564,2023_nissan_versa_sedan_sr_f_oem_1_1280x855.jpg,1280,855
49.Lowerleftcorneroftherightbumperbox,928,610,2023_nissan_versa_sedan_sr_f_oem_1_1280x855.jpg,1280,855
50.Lowerrightcorneroftherightbumperbox,1002,606,2023_nissan_versa_sedan_sr_f_oem_1_1280x855.jpg,1280,855
1.Intersectionofthecenterlineandtheroofofacar,640,107,2023_toyota_camry-hybrid_sedan_se-nightshade_f_oem_1_1280x855.jpg,1280,855
2.Intersectionofthecenterlineandtheupperedgeofthefrontwindshield,640,121,2023_toyota_camry-hybrid_sedan_se-nightshade_f_oem_1_1280x855.jpg,1280,855
3.Intersectionofthecenterlineandtheloweredgeofthefrontwindshield,640,264,2023_toyota_camry-hybrid_sedan_se-nightshade_f_oem_1_1280x855.jpg,1280,855
4.Intersectionofthecenterlineandtheupperedgeofthegrille,640,390,2023_toyota_camry-hybrid_sedan_se-nightshade_f_oem_1_1280x855.jpg,1280,855
5.Intersectionofthecenterlineandtheloweredgeofthegrille,640,478,2023_toyota_camry-hybrid_sedan_se-nightshade_f_oem_1_1280x855.jpg,1280,855
6.Intersectionofthecenterlineandtheupperedgeofthecenterbumperbox,640,509,2023_toyota_camry-hybrid_sedan_se-nightshade_f_oem_1_1280x855.jpg,1280,855
7.Intersectionofthecenterlineandtheloweredgeofthecenterbumperbox,640,612,2023_toyota_camry-hybrid_sedan_se-nightshade_f_oem_1_1280x855.jpg,1280,855
8.Intersectionofthecenterlineandthebaseofthecar,640,649,2023_toyota_camry-hybrid_sedan_se-nightshade_f_oem_1_1280x855.jpg,1280,855
9.Upperleftcorneroftheroof,425,118,2023_toyota_camry-hybrid_sedan_se-nightshade_f_oem_1_1280x855.jpg,1280,855
10.Upperrightcorneroftheroof,860,117,2023_toyota_camry-hybrid_sedan_se-nightshade_f_oem_1_1280x855.jpg,1280,855
11.Upperleftcornerofthewindshield,420,134,2023_toyota_camry-hybrid_sedan_se-nightshade_f_oem_1_1280x855.jpg,1280,855
12.Upperrightcornerofthewindshield,865,134,2023_toyota_camry-hybrid_sedan_se-nightshade_f_oem_1_1280x855.jpg,1280,855
13.Lowerleftcornerofthewindshield,321,271,2023_toyota_camry-hybrid_sedan_se-nightshade_f_oem_1_1280x855.jpg,1280,855
14.Lowerrightcornerofthewindshield,964,268,2023_toyota_camry-hybrid_sedan_se-nightshade_f_oem_1_1280x855.jpg,1280,855
15.Upperleftcorneroftheleftmirror,220,247,2023_toyota_camry-hybrid_sedan_se-nightshade_f_oem_1_1280x855.jpg,1280,855
16.Upperrightcorneroftheleftmirror,278,242,2023_toyota_camry-hybrid_sedan_se-nightshade_f_oem_1_1280x855.jpg,1280,855
17.Lowerleftcorneroftheleftmirror,203,287,2023_toyota_camry-hybrid_sedan_se-nightshade_f_oem_1_1280x855.jpg,1280,855
18.Lowercorneroftheconnectionoftheleftmirrorwiththecar,255,305,2023_toyota_camry-hybrid_sedan_se-nightshade_f_oem_1_1280x855.jpg,1280,855
19.Upperleftcorneroftherightmirror,1012,236,2023_toyota_camry-hybrid_sedan_se-nightshade_f_oem_1_1280x855.jpg,1280,855
20.Upperrightcorneroftherightmirror,1074,239,2023_toyota_camry-hybrid_sedan_se-nightshade_f_oem_1_1280x855.jpg,1280,855
21.Lowerrightcorneroftherightmirror,1092,279,2023_toyota_camry-hybrid_sedan_se-nightshade_f_oem_1_1280x855.jpg,1280,855
22.Lowercorneroftheconnectionoftherightmirrorwiththecar,1023,299,2023_toyota_camry-hybrid_sedan_se-nightshade_f_oem_1_1280x855.jpg,1280,855
23.Farthestleftedgeofthecaratthesamehorizontalleveloftheupperedgeofthebumper(thedarkerline),200,441,2023_toyota_camry-hybrid_sedan_se-nightshade_f_oem_1_1280x855.jpg,1280,855
24.Farthestrightedgeofthecaratthesamehorizontalleveloftheupperedgeofthebumper(thedarkerline),1088,441,2023_toyota_camry-hybrid_sedan_se-nightshade_f_oem_1_1280x855.jpg,1280,855
25.Leftcornerofthebase,213,661,2023_toyota_camry-hybrid_sedan_se-nightshade_f_oem_1_1280x855.jpg,1280,855
26.Rightcornerofthebase,1076,657,2023_toyota_camry-hybrid_sedan_se-nightshade_f_oem_1_1280x855.jpg,1280,855
27.Upperleftcorneroftheleftheadlight,230,347,2023_toyota_camry-hybrid_sedan_se-nightshade_f_oem_1_1280x855.jpg,1280,855
28.Upperrightcorneroftheleftheadlight,344,368,2023_toyota_camry-hybrid_sedan_se-nightshade_f_oem_1_1280x855.jpg,1280,855
29.Lowerleftcorneroftheleftheadlight,221,390,2023_toyota_camry-hybrid_sedan_se-nightshade_f_oem_1_1280x855.jpg,1280,855
30.Lowerrightcorneroftheleftheadlight,409,434,2023_toyota_camry-hybrid_sedan_se-nightshade_f_oem_1_1280x855.jpg,1280,855
31.Upperleftcorneroftherightheadlight,945,367,2023_toyota_camry-hybrid_sedan_se-nightshade_f_oem_1_1280x855.jpg,1280,855
32.Upperrightcorneroftherightheadlight,1054,343,2023_toyota_camry-hybrid_sedan_se-nightshade_f_oem_1_1280x855.jpg,1280,855
33.Lowerleftcorneroftherightheadlight,879,432,2023_toyota_camry-hybrid_sedan_se-nightshade_f_oem_1_1280x855.jpg,1280,855
34.Lowerrightcorneroftherightheadlight,1065,388,2023_toyota_camry-hybrid_sedan_se-nightshade_f_oem_1_1280x855.jpg,1280,855
35.Upperleftcornerofthegrille,388,374,2023_toyota_camry-hybrid_sedan_se-nightshade_f_oem_1_1280x855.jpg,1280,855
36.Upperrightcornerofthegrille,899,374,2023_toyota_camry-hybrid_sedan_se-nightshade_f_oem_1_1280x855.jpg,1280,855
37.Lowerleftcornerofthegrille,473,477,2023_toyota_camry-hybrid_sedan_se-nightshade_f_oem_1_1280x855.jpg,1280,855
38.Lowerrightcornerofthegrille,816,474,2023_toyota_camry-hybrid_sedan_se-nightshade_f_oem_1_1280x855.jpg,1280,855
39.Upperleftcornerofthecenterbumperbox,462,513,2023_toyota_camry-hybrid_sedan_se-nightshade_f_oem_1_1280x855.jpg,1280,855
40.Upperrightcornerofthecenterbumperbox,820,509,2023_toyota_camry-hybrid_sedan_se-nightshade_f_oem_1_1280x855.jpg,1280,855
41.Lowerleftcornerofthecenterbumperbox,397,607,2023_toyota_camry-hybrid_sedan_se-nightshade_f_oem_1_1280x855.jpg,1280,855
42.Lowerrightcornerofthecenterbumperbox,895,605,2023_toyota_camry-hybrid_sedan_se-nightshade_f_oem_1_1280x855.jpg,1280,855
43.Upperleftcorneroftheleftbumperbox,233,518,2023_toyota_camry-hybrid_sedan_se-nightshade_f_oem_1_1280x855.jpg,1280,855
44.Upperrightcorneroftheleftbumperbox,399,487,2023_toyota_camry-hybrid_sedan_se-nightshade_f_oem_1_1280x855.jpg,1280,855
45.Lowerleftcorneroftheleftbumperbox,226,594,2023_toyota_camry-hybrid_sedan_se-nightshade_f_oem_1_1280x855.jpg,1280,855
46.Lowerrightcorneroftheleftbumperbox,319,574,2023_toyota_camry-hybrid_sedan_se-nightshade_f_oem_1_1280x855.jpg,1280,855
47.Upperleftcorneroftherightbumperbox,896,489,2023_toyota_camry-hybrid_sedan_se-nightshade_f_oem_1_1280x855.jpg,1280,855
48.Upperrightcorneroftherightbumperbox,1055,514,2023_toyota_camry-hybrid_sedan_se-nightshade_f_oem_1_1280x855.jpg,1280,855
49.Lowerleftcorneroftherightbumperbox,985,581,2023_toyota_camry-hybrid_sedan_se-nightshade_f_oem_1_1280x855.jpg,1280,855
50.Lowerrightcorneroftherightbumperbox,1063,590,2023_toyota_camry-hybrid_sedan_se-nightshade_f_oem_1_1280x855.jpg,1280,855
1.Intersectionofthecenterlineandtheroofofacar,640,105,2023_toyota_corolla_sedan_se_fs_izmo_1_1280x855.jpg,1280,855
2.Intersectionofthecenterlineandtheupperedgeofthefrontwindshield,640,138,2023_toyota_corolla_sedan_se_fs_izmo_1_1280x855.jpg,1280,855
3.Intersectionofthecenterlineandtheloweredgeofthefrontwindshield,640,302,2023_toyota_corolla_sedan_se_fs_izmo_1_1280x855.jpg,1280,855
4.Intersectionofthecenterlineandtheupperedgeofthegrille,640,522,2023_toyota_corolla_sedan_se_fs_izmo_1_1280x855.jpg,1280,855
5.Intersectionofthecenterlineandtheloweredgeofthegrille,640,623,2023_toyota_corolla_sedan_se_fs_izmo_1_1280x855.jpg,1280,855
6.Intersectionofthecenterlineandtheupperedgeofthecenterbumperbox,640,637,2023_toyota_corolla_sedan_se_fs_izmo_1_1280x855.jpg,1280,855
7.Intersectionofthecenterlineandtheloweredgeofthecenterbumperbox,640,665,2023_toyota_corolla_sedan_se_fs_izmo_1_1280x855.jpg,1280,855
8.Intersectionofthecenterlineandthebaseofthecar,640,691,2023_toyota_corolla_sedan_se_fs_izmo_1_1280x855.jpg,1280,855
9.Upperleftcorneroftheroof,468,117,2023_toyota_corolla_sedan_se_fs_izmo_1_1280x855.jpg,1280,855
10.Upperrightcorneroftheroof,812,116,2023_toyota_corolla_sedan_se_fs_izmo_1_1280x855.jpg,1280,855
11.Upperleftcornerofthewindshield,437,145,2023_toyota_corolla_sedan_se_fs_izmo_1_1280x855.jpg,1280,855
12.Upperrightcornerofthewindshield,844,145,2023_toyota_corolla_sedan_se_fs_izmo_1_1280x855.jpg,1280,855
13.Lowerleftcornerofthewindshield,352,297,2023_toyota_corolla_sedan_se_fs_izmo_1_1280x855.jpg,1280,855
14.Lowerrightcornerofthewindshield,927,299,2023_toyota_corolla_sedan_se_fs_izmo_1_1280x855.jpg,1280,855
15.Upperleftcorneroftheleftmirror,256,256,2023_toyota_corolla_sedan_se_fs_izmo_1_1280x855.jpg,1280,855
16.Upperrightcorneroftheleftmirror,308,253,2023_toyota_corolla_sedan_se_fs_izmo_1_1280x855.jpg,1280,855
17.Lowerleftcorneroftheleftmirror,247,303,2023_toyota_corolla_sedan_se_fs_izmo_1_1280x855.jpg,1280,855
18.Lowercorneroftheconnectionoftheleftmirrorwiththecar,307,340,2023_toyota_corolla_sedan_se_fs_izmo_1_1280x855.jpg,1280,855
19.Upperleftcorneroftherightmirror,972,252,2023_toyota_corolla_sedan_se_fs_izmo_1_1280x855.jpg,1280,855
20.Upperrightcorneroftherightmirror,1027,256,2023_toyota_corolla_sedan_se_fs_izmo_1_1280x855.jpg,1280,855
21.Lowerrightcorneroftherightmirror,1031,304,2023_toyota_corolla_sedan_se_fs_izmo_1_1280x855.jpg,1280,855
22.Lowercorneroftheconnectionoftherightmirrorwiththecar,972,341,2023_toyota_corolla_sedan_se_fs_izmo_1_1280x855.jpg,1280,855
23.Farthestleftedgeofthecaratthesamehorizontalleveloftheupperedgeofthebumper(thedarkerline),254,507,2023_toyota_corolla_sedan_se_fs_izmo_1_1280x855.jpg,1280,855
24.Farthestrightedgeofthecaratthesamehorizontalleveloftheupperedgeofthebumper(thedarkerline),1025,507,2023_toyota_corolla_sedan_se_fs_izmo_1_1280x855.jpg,1280,855
25.Leftcornerofthebase,271,666,2023_toyota_corolla_sedan_se_fs_izmo_1_1280x855.jpg,1280,855
26.Rightcornerofthebase,1008,667,2023_toyota_corolla_sedan_se_fs_izmo_1_1280x855.jpg,1280,855
27.Upperleftcorneroftheleftheadlight,306,390,2023_toyota_corolla_sedan_se_fs_izmo_1_1280x855.jpg,1280,855
28.Upperrightcorneroftheleftheadlight,493,466,2023_toyota_corolla_sedan_se_fs_izmo_1_1280x855.jpg,1280,855
29.Lowerleftcorneroftheleftheadlight,340,508,2023_toyota_corolla_sedan_se_fs_izmo_1_1280x855.jpg,1280,855
30.Lowerrightcorneroftheleftheadlight,505,488,2023_toyota_corolla_sedan_se_fs_izmo_1_1280x855.jpg,1280,855
31.Upperleftcorneroftherightheadlight,785,466,2023_toyota_corolla_sedan_se_fs_izmo_1_1280x855.jpg,1280,855
32.Upperrightcorneroftherightheadlight,972,392,2023_toyota_corolla_sedan_se_fs_izmo_1_1280x855.jpg,1280,855
33.Lowerleftcorneroftherightheadlight,771,488,2023_toyota_corolla_sedan_se_fs_izmo_1_1280x855.jpg,1280,855
34.Lowerrightcorneroftherightheadlight,936,510,2023_toyota_corolla_sedan_se_fs_izmo_1_1280x855.jpg,1280,855
35.Upperleftcornerofthegrille,478,528,2023_toyota_corolla_sedan_se_fs_izmo_1_1280x855.jpg,1280,855
36.Upperrightcornerofthegrille,802,528,2023_toyota_corolla_sedan_se_fs_izmo_1_1280x855.jpg,1280,855
37.Lowerleftcornerofthegrille,401,625,2023_toyota_corolla_sedan_se_fs_izmo_1_1280x855.jpg,1280,855
38.Lowerrightcornerofthegrille,876,625,2023_toyota_corolla_sedan_se_fs_izmo_1_1280x855.jpg,1280,855
39.Upperleftcornerofthecenterbumperbox,378,632,2023_toyota_corolla_sedan_se_fs_izmo_1_1280x855.jpg,1280,855
40.Upperrightcornerofthecenterbumperbox,898,632,2023_toyota_corolla_sedan_se_fs_izmo_1_1280x855.jpg,1280,855
41.Lowerleftcornerofthecenterbumperbox,422,658,2023_toyota_corolla_sedan_se_fs_izmo_1_1280x855.jpg,1280,855
42.Lowerrightcornerofthecenterbumperbox,854,659,2023_toyota_corolla_sedan_se_fs_izmo_1_1280x855.jpg,1280,855
43.Upperleftcorneroftheleftbumperbox,288,559,2023_toyota_corolla_sedan_se_fs_izmo_1_1280x855.jpg,1280,855
44.Upperrightcorneroftheleftbumperbox,372,575,2023_toyota_corolla_sedan_se_fs_izmo_1_1280x855.jpg,1280,855
45.Lowerleftcorneroftheleftbumperbox,285,624,2023_toyota_corolla_sedan_se_fs_izmo_1_1280x855.jpg,1280,855
46.Lowerrightcorneroftheleftbumperbox,345,626,2023_toyota_corolla_sedan_se_fs_izmo_1_1280x855.jpg,1280,855
47.Upperleftcorneroftherightbumperbox,907,572,2023_toyota_corolla_sedan_se_fs_izmo_1_1280x855.jpg,1280,855
48.Upperrightcorneroftherightbumperbox,981,565,2023_toyota_corolla_sedan_se_fs_izmo_1_1280x855.jpg,1280,855
49.Lowerleftcorneroftherightbumperbox,933,626,2023_toyota_corolla_sedan_se_fs_izmo_1_1280x855.jpg,1280,855
50.Lowerrightcorneroftherightbumperbox,993,624,2023_toyota_corolla_sedan_se_fs_izmo_1_1280x855.jpg,1280,855
1.Intersectionofthecenterlineandtheroofofacar,640,101,2024_honda_accord_sedan_ex-l-hybrid_fs_izmo_1_1280x855.jpg,1280,855
2.Intersectionofthecenterlineandtheupperedgeofthefrontwindshield,640,145,2024_honda_accord_sedan_ex-l-hybrid_fs_izmo_1_1280x855.jpg,1280,855
3.Intersectionofthecenterlineandtheloweredgeofthefrontwindshield,640,291,2024_honda_accord_sedan_ex-l-hybrid_fs_izmo_1_1280x855.jpg,1280,855
4.Intersectionofthecenterlineandtheupperedgeofthegrille,640,455,2024_honda_accord_sedan_ex-l-hybrid_fs_izmo_1_1280x855.jpg,1280,855
5.Intersectionofthecenterlineandtheloweredgeofthegrille,640,548,2024_honda_accord_sedan_ex-l-hybrid_fs_izmo_1_1280x855.jpg,1280,855
6.Intersectionofthecenterlineandtheupperedgeofthecenterbumperbox,640,602,2024_honda_accord_sedan_ex-l-hybrid_fs_izmo_1_1280x855.jpg,1280,855
7.Intersectionofthecenterlineandtheloweredgeofthecenterbumperbox,640,661,2024_honda_accord_sedan_ex-l-hybrid_fs_izmo_1_1280x855.jpg,1280,855
8.Intersectionofthecenterlineandthebaseofthecar,640,667,2024_honda_accord_sedan_ex-l-hybrid_fs_izmo_1_1280x855.jpg,1280,855
9.Upperleftcorneroftheroof,457,112,2024_honda_accord_sedan_ex-l-hybrid_fs_izmo_1_1280x855.jpg,1280,855
10.Upperrightcorneroftheroof,832,112,2024_honda_accord_sedan_ex-l-hybrid_fs_izmo_1_1280x855.jpg,1280,855
11.Upperleftcornerofthewindshield,425,153,2024_honda_accord_sedan_ex-l-hybrid_fs_izmo_1_1280x855.jpg,1280,855
12.Upperrightcornerofthewindshield,863,154,2024_honda_accord_sedan_ex-l-hybrid_fs_izmo_1_1280x855.jpg,1280,855
13.Lowerleftcornerofthewindshield,364,290,2024_honda_accord_sedan_ex-l-hybrid_fs_izmo_1_1280x855.jpg,1280,855
14.Lowerrightcornerofthewindshield,925,291,2024_honda_accord_sedan_ex-l-hybrid_fs_izmo_1_1280x855.jpg,1280,855
15.Upperleftcorneroftheleftmirror,248,255,2024_honda_accord_sedan_ex-l-hybrid_fs_izmo_1_1280x855.jpg,1280,855
16.Upperrightcorneroftheleftmirror,312,236,2024_honda_accord_sedan_ex-l-hybrid_fs_izmo_1_1280x855.jpg,1280,855
17.Lowerleftcorneroftheleftmirror,270,288,2024_honda_accord_sedan_ex-l-hybrid_fs_izmo_1_1280x855.jpg,1280,855
18.Lowercorneroftheconnectionoftheleftmirrorwiththecar,333,294,2024_honda_accord_sedan_ex-l-hybrid_fs_izmo_1_1280x855.jpg,1280,855
19.Upperleftcorneroftherightmirror,972,237,2024_honda_accord_sedan_ex-l-hybrid_fs_izmo_1_1280x855.jpg,1280,855
20.Upperrightcorneroftherightmirror,1040,257,2024_honda_accord_sedan_ex-l-hybrid_fs_izmo_1_1280x855.jpg,1280,855
21.Lowerrightcorneroftherightmirror,1018,288,2024_honda_accord_sedan_ex-l-hybrid_fs_izmo_1_1280x855.jpg,1280,855
22.Lowercorneroftheconnectionoftherightmirrorwiththecar,956,294,2024_honda_accord_sedan_ex-l-hybrid_fs_izmo_1_1280x855.jpg,1280,855
23.Farthestleftedgeofthecaratthesamehorizontalleveloftheupperedgeofthebumper(thedarkerline),259,586,2024_honda_accord_sedan_ex-l-hybrid_fs_izmo_1_1280x855.jpg,1280,855
24.Farthestrightedgeofthecaratthesamehorizontalleveloftheupperedgeofthebumper(thedarkerline),1027,587,2024_honda_accord_sedan_ex-l-hybrid_fs_izmo_1_1280x855.jpg,1280,855
25.Leftcornerofthebase,261,643,2024_honda_accord_sedan_ex-l-hybrid_fs_izmo_1_1280x855.jpg,1280,855
26.Rightcornerofthebase,1027,643,2024_honda_accord_sedan_ex-l-hybrid_fs_izmo_1_1280x855.jpg,1280,855
27.Upperleftcorneroftheleftheadlight,276,406,2024_honda_accord_sedan_ex-l-hybrid_fs_izmo_1_1280x855.jpg,1280,855
28.Upperrightcorneroftheleftheadlight,447,448,2024_honda_accord_sedan_ex-l-hybrid_fs_izmo_1_1280x855.jpg,1280,855
29.Lowerleftcorneroftheleftheadlight,267,440,2024_honda_accord_sedan_ex-l-hybrid_fs_izmo_1_1280x855.jpg,1280,855
30.Lowerrightcorneroftheleftheadlight,409,484,2024_honda_accord_sedan_ex-l-hybrid_fs_izmo_1_1280x855.jpg,1280,855
31.Upperleftcorneroftherightheadlight,843,448,2024_honda_accord_sedan_ex-l-hybrid_fs_izmo_1_1280x855.jpg,1280,855
32.Upperrightcorneroftherightheadlight,1012,406,2024_honda_accord_sedan_ex-l-hybrid_fs_izmo_1_1280x855.jpg,1280,855
33.Lowerleftcorneroftherightheadlight,880,481,2024_honda_accord_sedan_ex-l-hybrid_fs_izmo_1_1280x855.jpg,1280,855
34.Lowerrightcorneroftherightheadlight,1017,447,2024_honda_accord_sedan_ex-l-hybrid_fs_izmo_1_1280x855.jpg,1280,855
35.Upperleftcornerofthegrille,482,453,2024_honda_accord_sedan_ex-l-hybrid_fs_izmo_1_1280x855.jpg,1280,855
36.Upperrightcornerofthegrille,802,452,2024_honda_accord_sedan_ex-l-hybrid_fs_izmo_1_1280x855.jpg,1280,855
37.Lowerleftcornerofthegrille,451,545,2024_honda_accord_sedan_ex-l-hybrid_fs_izmo_1_1280x855.jpg,1280,855
38.Lowerrightcornerofthegrille,835,545,2024_honda_accord_sedan_ex-l-hybrid_fs_izmo_1_1280x855.jpg,1280,855
39.Upperleftcornerofthecenterbumperbox,357,591,2024_honda_accord_sedan_ex-l-hybrid_fs_izmo_1_1280x855.jpg,1280,855
40.Upperrightcornerofthecenterbumperbox,932,592,2024_honda_accord_sedan_ex-l-hybrid_fs_izmo_1_1280x855.jpg,1280,855
41.Lowerleftcornerofthecenterbumperbox,330,646,2024_honda_accord_sedan_ex-l-hybrid_fs_izmo_1_1280x855.jpg,1280,855
42.Lowerrightcornerofthecenterbumperbox,955,648,2024_honda_accord_sedan_ex-l-hybrid_fs_izmo_1_1280x855.jpg,1280,855
43.Upperleftcorneroftheleftbumperbox,321,598,2024_honda_accord_sedan_ex-l-hybrid_fs_izmo_1_1280x855.jpg,1280,855
44.Upperrightcorneroftheleftbumperbox,353,594,2024_honda_accord_sedan_ex-l-hybrid_fs_izmo_1_1280x855.jpg,1280,855
45.Lowerleftcorneroftheleftbumperbox,305,629,2024_honda_accord_sedan_ex-l-hybrid_fs_izmo_1_1280x855.jpg,1280,855
46.Lowerrightcorneroftheleftbumperbox,328,637,2024_honda_accord_sedan_ex-l-hybrid_fs_izmo_1_1280x855.jpg,1280,855
47.Upperleftcorneroftherightbumperbox,937,596,2024_honda_accord_sedan_ex-l-hybrid_fs_izmo_1_1280x855.jpg,1280,855
48.Upperrightcorneroftherightbumperbox,970,602,2024_honda_accord_sedan_ex-l-hybrid_fs_izmo_1_1280x855.jpg,1280,855
49.Lowerleftcorneroftherightbumperbox,960,638,2024_honda_accord_sedan_ex-l-hybrid_fs_izmo_1_1280x855.jpg,1280,855
50.Lowerrightcorneroftherightbumperbox,981,631,2024_honda_accord_sedan_ex-l-hybrid_fs_izmo_1_1280x855.jpg,1280,855
1.Intersectionofthecenterlineandtheroofofacar,640,170,2024_hyundai_elantra_sedan_n-line_f_oem_1_1280x855.jpg,1280,855
2.Intersectionofthecenterlineandtheupperedgeofthefrontwindshield,640,185,2024_hyundai_elantra_sedan_n-line_f_oem_1_1280x855.jpg,1280,855
3.Intersectionofthecenterlineandtheloweredgeofthefrontwindshield,640,302,2024_hyundai_elantra_sedan_n-line_f_oem_1_1280x855.jpg,1280,855
4.Intersectionofthecenterlineandtheupperedgeofthegrille,640,448,2024_hyundai_elantra_sedan_n-line_f_oem_1_1280x855.jpg,1280,855
5.Intersectionofthecenterlineandtheloweredgeofthegrille,640,488,2024_hyundai_elantra_sedan_n-line_f_oem_1_1280x855.jpg,1280,855
6.Intersectionofthecenterlineandtheupperedgeofthecenterbumperbox,640,530,2024_hyundai_elantra_sedan_n-line_f_oem_1_1280x855.jpg,1280,855
7.Intersectionofthecenterlineandtheloweredgeofthecenterbumperbox,640,624,2024_hyundai_elantra_sedan_n-line_f_oem_1_1280x855.jpg,1280,855
8.Intersectionofthecenterlineandthebaseofthecar,640,646,2024_hyundai_elantra_sedan_n-line_f_oem_1_1280x855.jpg,1280,855
9.Upperleftcorneroftheroof,435,182,2024_hyundai_elantra_sedan_n-line_f_oem_1_1280x855.jpg,1280,855
10.Upperrightcorneroftheroof,862,185,2024_hyundai_elantra_sedan_n-line_f_oem_1_1280x855.jpg,1280,855
11.Upperleftcornerofthewindshield,411,200,2024_hyundai_elantra_sedan_n-line_f_oem_1_1280x855.jpg,1280,855
12.Upperrightcornerofthewindshield,886,201,2024_hyundai_elantra_sedan_n-line_f_oem_1_1280x855.jpg,1280,855
13.Lowerleftcornerofthewindshield,347,318,2024_hyundai_elantra_sedan_n-line_f_oem_1_1280x855.jpg,1280,855
14.Lowerrightcornerofthewindshield,946,324,2024_hyundai_elantra_sedan_n-line_f_oem_1_1280x855.jpg,1280,855
15.Upperleftcorneroftheleftmirror,264,292,2024_hyundai_elantra_sedan_n-line_f_oem_1_1280x855.jpg,1280,855
16.Upperrightcorneroftheleftmirror,316,287,2024_hyundai_elantra_sedan_n-line_f_oem_1_1280x855.jpg,1280,855
17.Lowerleftcorneroftheleftmirror,251,338,2024_hyundai_elantra_sedan_n-line_f_oem_1_1280x855.jpg,1280,855
18.Lowercorneroftheconnectionoftheleftmirrorwiththecar,324,335,2024_hyundai_elantra_sedan_n-line_f_oem_1_1280x855.jpg,1280,855
19.Upperleftcorneroftherightmirror,980,288,2024_hyundai_elantra_sedan_n-line_f_oem_1_1280x855.jpg,1280,855
20.Upperrightcorneroftherightmirror,1037,292,2024_hyundai_elantra_sedan_n-line_f_oem_1_1280x855.jpg,1280,855
21.Lowerrightcorneroftherightmirror,1054,335,2024_hyundai_elantra_sedan_n-line_f_oem_1_1280x855.jpg,1280,855
22.Lowercorneroftheconnectionoftherightmirrorwiththecar,972,337,2024_hyundai_elantra_sedan_n-line_f_oem_1_1280x855.jpg,1280,855
23.Farthestleftedgeofthecaratthesamehorizontalleveloftheupperedgeofthebumper(thedarkerline),264,461,2024_hyundai_elantra_sedan_n-line_f_oem_1_1280x855.jpg,1280,855
24.Farthestrightedgeofthecaratthesamehorizontalleveloftheupperedgeofthebumper(thedarkerline),1023,461,2024_hyundai_elantra_sedan_n-line_f_oem_1_1280x855.jpg,1280,855
25.Leftcornerofthebase,279,641,2024_hyundai_elantra_sedan_n-line_f_oem_1_1280x855.jpg,1280,855
26.Rightcornerofthebase,1006,642,2024_hyundai_elantra_sedan_n-line_f_oem_1_1280x855.jpg,1280,855
27.Upperleftcorneroftheleftheadlight,280,404,2024_hyundai_elantra_sedan_n-line_f_oem_1_1280x855.jpg,1280,855
28.Upperrightcorneroftheleftheadlight,410,432,2024_hyundai_elantra_sedan_n-line_f_oem_1_1280x855.jpg,1280,855
29.Lowerleftcorneroftheleftheadlight,271,447,2024_hyundai_elantra_sedan_n-line_f_oem_1_1280x855.jpg,1280,855
30.Lowerrightcorneroftheleftheadlight,369,472,2024_hyundai_elantra_sedan_n-line_f_oem_1_1280x855.jpg,1280,855
31.Upperleftcorneroftherightheadlight,874,433,2024_hyundai_elantra_sedan_n-line_f_oem_1_1280x855.jpg,1280,855
32.Upperrightcorneroftherightheadlight,1007,408,2024_hyundai_elantra_sedan_n-line_f_oem_1_1280x855.jpg,1280,855
33.Lowerleftcorneroftherightheadlight,912,473,2024_hyundai_elantra_sedan_n-line_f_oem_1_1280x855.jpg,1280,855
34.Lowerrightcorneroftherightheadlight,1014,452,2024_hyundai_elantra_sedan_n-line_f_oem_1_1280x855.jpg,1280,855
35.Upperleftcornerofthegrille,424,447,2024_hyundai_elantra_sedan_n-line_f_oem_1_1280x855.jpg,1280,855
36.Upperrightcornerofthegrille,861,448,2024_hyundai_elantra_sedan_n-line_f_oem_1_1280x855.jpg,1280,855
37.Lowerleftcornerofthegrille,378,474,2024_hyundai_elantra_sedan_n-line_f_oem_1_1280x855.jpg,1280,855
38.Lowerrightcornerofthegrille,904,477,2024_hyundai_elantra_sedan_n-line_f_oem_1_1280x855.jpg,1280,855
39.Upperleftcornerofthecenterbumperbox,442,532,2024_hyundai_elantra_sedan_n-line_f_oem_1_1280x855.jpg,1280,855
40.Upperrightcornerofthecenterbumperbox,840,533,2024_hyundai_elantra_sedan_n-line_f_oem_1_1280x855.jpg,1280,855
41.Lowerleftcornerofthecenterbumperbox,363,614,2024_hyundai_elantra_sedan_n-line_f_oem_1_1280x855.jpg,1280,855
42.Lowerrightcornerofthecenterbumperbox,919,615,2024_hyundai_elantra_sedan_n-line_f_oem_1_1280x855.jpg,1280,855
43.Upperleftcorneroftheleftbumperbox,291,512,2024_hyundai_elantra_sedan_n-line_f_oem_1_1280x855.jpg,1280,855
44.Upperrightcorneroftheleftbumperbox,394,524,2024_hyundai_elantra_sedan_n-line_f_oem_1_1280x855.jpg,1280,855
45.Lowerleftcorneroftheleftbumperbox,282,602,2024_hyundai_elantra_sedan_n-line_f_oem_1_1280x855.jpg,1280,855
46.Lowerrightcorneroftheleftbumperbox,317,607,2024_hyundai_elantra_sedan_n-line_f_oem_1_1280x855.jpg,1280,855
47.Upperleftcorneroftherightbumperbox,892,527,2024_hyundai_elantra_sedan_n-line_f_oem_1_1280x855.jpg,1280,855
48.Upperrightcorneroftherightbumperbox,994,514,2024_hyundai_elantra_sedan_n-line_f_oem_1_1280x855.jpg,1280,855
49.Lowerleftcorneroftherightbumperbox,966,608,2024_hyundai_elantra_sedan_n-line_f_oem_1_1280x855.jpg,1280,855
50.Lowerrightcorneroftherightbumperbox,999,607,2024_hyundai_elantra_sedan_n-line_f_oem_1_1280x855.jpg,1280,855
1.Intersectionofthecenterlineandtheroofofacar,640,93,2024_mazda_3_sedan_25-s-preferred_fs_izmo_1_1280x855.jpg,1280,855
2.Intersectionofthecenterlineandtheupperedgeofthefrontwindshield,640,130,2024_mazda_3_sedan_25-s-preferred_fs_izmo_1_1280x855.jpg,1280,855
3.Intersectionofthecenterlineandtheloweredgeofthefrontwindshield,640,286,2024_mazda_3_sedan_25-s-preferred_fs_izmo_1_1280x855.jpg,1280,855
4.Intersectionofthecenterlineandtheupperedgeofthegrille,640,464,2024_mazda_3_sedan_25-s-preferred_fs_izmo_1_1280x855.jpg,1280,855
5.Intersectionofthecenterlineandtheloweredgeofthegrille,640,634,2024_mazda_3_sedan_25-s-preferred_fs_izmo_1_1280x855.jpg,1280,855
6.Intersectionofthecenterlineandtheupperedgeofthecenterbumperbox,640,655,2024_mazda_3_sedan_25-s-preferred_fs_izmo_1_1280x855.jpg,1280,855
7.Intersectionofthecenterlineandtheloweredgeofthecenterbumperbox,640,671,2024_mazda_3_sedan_25-s-preferred_fs_izmo_1_1280x855.jpg,1280,855
8.Intersectionofthecenterlineandthebaseofthecar,640,704,2024_mazda_3_sedan_25-s-preferred_fs_izmo_1_1280x855.jpg,1280,855
9.Upperleftcorneroftheroof,460,103,2024_mazda_3_sedan_25-s-preferred_fs_izmo_1_1280x855.jpg,1280,855
10.Upperrightcorneroftheroof,841,103,2024_mazda_3_sedan_25-s-preferred_fs_izmo_1_1280x855.jpg,1280,855
11.Upperleftcornerofthewindshield,422,140,2024_mazda_3_sedan_25-s-preferred_fs_izmo_1_1280x855.jpg,1280,855
12.Upperrightcornerofthewindshield,883,140,2024_mazda_3_sedan_25-s-preferred_fs_izmo_1_1280x855.jpg,1280,855
13.Lowerleftcornerofthewindshield,359,277,2024_mazda_3_sedan_25-s-preferred_fs_izmo_1_1280x855.jpg,1280,855
14.Lowerrightcornerofthewindshield,941,280,2024_mazda_3_sedan_25-s-preferred_fs_izmo_1_1280x855.jpg,1280,855
15.Upperleftcorneroftheleftmirror,259,246,2024_mazda_3_sedan_25-s-preferred_fs_izmo_1_1280x855.jpg,1280,855
16.Upperrightcorneroftheleftmirror,320,229,2024_mazda_3_sedan_25-s-preferred_fs_izmo_1_1280x855.jpg,1280,855
17.Lowerleftcorneroftheleftmirror,264,272,2024_mazda_3_sedan_25-s-preferred_fs_izmo_1_1280x855.jpg,1280,855
18.Lowercorneroftheconnectionoftheleftmirrorwiththecar,313,304,2024_mazda_3_sedan_25-s-preferred_fs_izmo_1_1280x855.jpg,1280,855
19.Upperleftcorneroftherightmirror,984,230,2024_mazda_3_sedan_25-s-preferred_fs_izmo_1_1280x855.jpg,1280,855
20.Upperrightcorneroftherightmirror,1053,247,2024_mazda_3_sedan_25-s-preferred_fs_izmo_1_1280x855.jpg,1280,855
21.Lowerrightcorneroftherightmirror,1047,269,2024_mazda_3_sedan_25-s-preferred_fs_izmo_1_1280x855.jpg,1280,855
22.Lowercorneroftheconnectionoftherightmirrorwiththecar,990,302,2024_mazda_3_sedan_25-s-preferred_fs_izmo_1_1280x855.jpg,1280,855
23.Farthestleftedgeofthecaratthesamehorizontalleveloftheupperedgeofthebumper(thedarkerline),236,512,2024_mazda_3_sedan_25-s-preferred_fs_izmo_1_1280x855.jpg,1280,855
24.Farthestrightedgeofthecaratthesamehorizontalleveloftheupperedgeofthebumper(thedarkerline),1064,512,2024_mazda_3_sedan_25-s-preferred_fs_izmo_1_1280x855.jpg,1280,855
25.Leftcornerofthebase,254,686,2024_mazda_3_sedan_25-s-preferred_fs_izmo_1_1280x855.jpg,1280,855
26.Rightcornerofthebase,1045,689,2024_mazda_3_sedan_25-s-preferred_fs_izmo_1_1280x855.jpg,1280,855
27.Upperleftcorneroftheleftheadlight,257,413,2024_mazda_3_sedan_25-s-preferred_fs_izmo_1_1280x855.jpg,1280,855
28.Upperrightcorneroftheleftheadlight,398,474,2024_mazda_3_sedan_25-s-preferred_fs_izmo_1_1280x855.jpg,1280,855
29.Lowerleftcorneroftheleftheadlight,252,458,2024_mazda_3_sedan_25-s-preferred_fs_izmo_1_1280x855.jpg,1280,855
30.Lowerrightcorneroftheleftheadlight,362,490,2024_mazda_3_sedan_25-s-preferred_fs_izmo_1_1280x855.jpg,1280,855
31.Upperleftcorneroftherightheadlight,903,476,2024_mazda_3_sedan_25-s-preferred_fs_izmo_1_1280x855.jpg,1280,855
32.Upperrightcorneroftherightheadlight,1043,413,2024_mazda_3_sedan_25-s-preferred_fs_izmo_1_1280x855.jpg,1280,855
33.Lowerleftcorneroftherightheadlight,938,491,2024_mazda_3_sedan_25-s-preferred_fs_izmo_1_1280x855.jpg,1280,855
34.Lowerrightcorneroftherightheadlight,1048,461,2024_mazda_3_sedan_25-s-preferred_fs_izmo_1_1280x855.jpg,1280,855
35.Upperleftcornerofthegrille,426,481,2024_mazda_3_sedan_25-s-preferred_fs_izmo_1_1280x855.jpg,1280,855
36.Upperrightcornerofthegrille,873,483,2024_mazda_3_sedan_25-s-preferred_fs_izmo_1_1280x855.jpg,1280,855
37.Lowerleftcornerofthegrille,452,599,2024_mazda_3_sedan_25-s-preferred_fs_izmo_1_1280x855.jpg,1280,855
38.Lowerrightcornerofthegrille,847,599,2024_mazda_3_sedan_25-s-preferred_fs_izmo_1_1280x855.jpg,1280,855
39.Upperleftcornerofthecenterbumperbox,436,644,2024_mazda_3_sedan_25-s-preferred_fs_izmo_1_1280x855.jpg,1280,855
40.Upperrightcornerofthecenterbumperbox,855,643,2024_mazda_3_sedan_25-s-preferred_fs_izmo_1_1280x855.jpg,1280,855
41.Lowerleftcornerofthecenterbumperbox,417,662,2024_mazda_3_sedan_25-s-preferred_fs_izmo_1_1280x855.jpg,1280,855
42.Lowerrightcornerofthecenterbumperbox,866,661,2024_mazda_3_sedan_25-s-preferred_fs_izmo_1_1280x855.jpg,1280,855
43.Upperleftcorneroftheleftbumperbox,264,631,2024_mazda_3_sedan_25-s-preferred_fs_izmo_1_1280x855.jpg,1280,855
44.Upperrightcorneroftheleftbumperbox,416,635,2024_mazda_3_sedan_25-s-preferred_fs_izmo_1_1280x855.jpg,1280,855
45.Lowerleftcorneroftheleftbumperbox,250,668,2024_mazda_3_sedan_25-s-preferred_fs_izmo_1_1280x855.jpg,1280,855
46.Lowerrightcorneroftheleftbumperbox,371,667,2024_mazda_3_sedan_25-s-preferred_fs_izmo_1_1280x855.jpg,1280,855
47.Upperleftcorneroftherightbumperbox,884,637,2024_mazda_3_sedan_25-s-preferred_fs_izmo_1_1280x855.jpg,1280,855
48.Upperrightcorneroftherightbumperbox,1032,635,2024_mazda_3_sedan_25-s-preferred_fs_izmo_1_1280x855.jpg,1280,855
49.Lowerleftcorneroftherightbumperbox,925,665,2024_mazda_3_sedan_25-s-preferred_fs_izmo_1_1280x855.jpg,1280,855
50.Lowerrightcorneroftherightbumperbox,1048,675,2024_mazda_3_sedan_25-s-preferred_fs_izmo_1_1280x855.jpg,1280,855
1.Intersectionofthecenterlineandtheroofofacar,640,184,2024_nissan_versa_sedan_s_exp_izmo_1_036_1280x855.jpg,1280,855
2.Intersectionofthecenterlineandtheupperedgeofthefrontwindshield,640,206,2024_nissan_versa_sedan_s_exp_izmo_1_036_1280x855.jpg,1280,855
3.Intersectionofthecenterlineandtheloweredgeofthefrontwindshield,640,342,2024_nissan_versa_sedan_s_exp_izmo_1_036_1280x855.jpg,1280,855
4.Intersectionofthecenterlineandtheupperedgeofthegrille,640,495,2024_nissan_versa_sedan_s_exp_izmo_1_036_1280x855.jpg,1280,855
5.Intersectionofthecenterlineandtheloweredgeofthegrille,640,630,2024_nissan_versa_sedan_s_exp_izmo_1_036_1280x855.jpg,1280,855
6.Intersectionofthecenterlineandtheupperedgeofthecenterbumperbox,640,643,2024_nissan_versa_sedan_s_exp_izmo_1_036_1280x855.jpg,1280,855
7.Intersectionofthecenterlineandtheloweredgeofthecenterbumperbox,640,663,2024_nissan_versa_sedan_s_exp_izmo_1_036_1280x855.jpg,1280,855
8.Intersectionofthecenterlineandthebaseofthecar,640,677,2024_nissan_versa_sedan_s_exp_izmo_1_036_1280x855.jpg,1280,855
9.Upperleftcorneroftheroof,443,193,2024_nissan_versa_sedan_s_exp_izmo_1_036_1280x855.jpg,1280,855
10.Upperrightcorneroftheroof,827,194,2024_nissan_versa_sedan_s_exp_izmo_1_036_1280x855.jpg,1280,855
11.Upperleftcornerofthewindshield,422,212,2024_nissan_versa_sedan_s_exp_izmo_1_036_1280x855.jpg,1280,855
12.Upperrightcornerofthewindshield,851,214,2024_nissan_versa_sedan_s_exp_izmo_1_036_1280x855.jpg,1280,855
13.Lowerleftcornerofthewindshield,356,331,2024_nissan_versa_sedan_s_exp_izmo_1_036_1280x855.jpg,1280,855
14.Lowerrightcornerofthewindshield,916,335,2024_nissan_versa_sedan_s_exp_izmo_1_036_1280x855.jpg,1280,855
15.Upperleftcorneroftheleftmirror,256,317,2024_nissan_versa_sedan_s_exp_izmo_1_036_1280x855.jpg,1280,855
16.Upperrightcorneroftheleftmirror,312,306,2024_nissan_versa_sedan_s_exp_izmo_1_036_1280x855.jpg,1280,855
17.Lowerleftcorneroftheleftmirror,259,348,2024_nissan_versa_sedan_s_exp_izmo_1_036_1280x855.jpg,1280,855
18.Lowercorneroftheconnectionoftheleftmirrorwiththecar,307,376,2024_nissan_versa_sedan_s_exp_izmo_1_036_1280x855.jpg,1280,855
19.Upperleftcorneroftherightmirror,970,308,2024_nissan_versa_sedan_s_exp_izmo_1_036_1280x855.jpg,1280,855
20.Upperrightcorneroftherightmirror,1027,317,2024_nissan_versa_sedan_s_exp_izmo_1_036_1280x855.jpg,1280,855
21.Lowerrightcorneroftherightmirror,1024,347,2024_nissan_versa_sedan_s_exp_izmo_1_036_1280x855.jpg,1280,855
22.Lowercorneroftheconnectionoftherightmirrorwiththecar,968,380,2024_nissan_versa_sedan_s_exp_izmo_1_036_1280x855.jpg,1280,855
23.Farthestleftedgeofthecaratthesamehorizontalleveloftheupperedgeofthebumper(thedarkerline),251,521,2024_nissan_versa_sedan_s_exp_izmo_1_036_1280x855.jpg,1280,855
24.Farthestrightedgeofthecaratthesamehorizontalleveloftheupperedgeofthebumper(thedarkerline),1025,521,2024_nissan_versa_sedan_s_exp_izmo_1_036_1280x855.jpg,1280,855
25.Leftcornerofthebase,272,662,2024_nissan_versa_sedan_s_exp_izmo_1_036_1280x855.jpg,1280,855
26.Rightcornerofthebase,1003,667,2024_nissan_versa_sedan_s_exp_izmo_1_036_1280x855.jpg,1280,855
27.Upperleftcorneroftheleftheadlight,287,414,2024_nissan_versa_sedan_s_exp_izmo_1_036_1280x855.jpg,1280,855
28.Upperrightcorneroftheleftheadlight,437,476,2024_nissan_versa_sedan_s_exp_izmo_1_036_1280x855.jpg,1280,855
29.Lowerleftcorneroftheleftheadlight,293,476,2024_nissan_versa_sedan_s_exp_izmo_1_036_1280x855.jpg,1280,855
30.Lowerrightcorneroftheleftheadlight,393,501,2024_nissan_versa_sedan_s_exp_izmo_1_036_1280x855.jpg,1280,855
31.Upperleftcorneroftherightheadlight,861,481,2024_nissan_versa_sedan_s_exp_izmo_1_036_1280x855.jpg,1280,855
32.Upperrightcorneroftherightheadlight,992,417,2024_nissan_versa_sedan_s_exp_izmo_1_036_1280x855.jpg,1280,855
33.Lowerleftcorneroftherightheadlight,889,504,2024_nissan_versa_sedan_s_exp_izmo_1_036_1280x855.jpg,1280,855
34.Lowerrightcorneroftherightheadlight,989,477,2024_nissan_versa_sedan_s_exp_izmo_1_036_1280x855.jpg,1280,855
35.Upperleftcornerofthegrille,444,474,2024_nissan_versa_sedan_s_exp_izmo_1_036_1280x855.jpg,1280,855
36.Upperrightcornerofthegrille,833,478,2024_nissan_versa_sedan_s_exp_izmo_1_036_1280x855.jpg,1280,855
37.Lowerleftcornerofthegrille,491,627,2024_nissan_versa_sedan_s_exp_izmo_1_036_1280x855.jpg,1280,855
38.Lowerrightcornerofthegrille,792,629,2024_nissan_versa_sedan_s_exp_izmo_1_036_1280x855.jpg,1280,855
39.Upperleftcornerofthecenterbumperbox,470,638,2024_nissan_versa_sedan_s_exp_izmo_1_036_1280x855.jpg,1280,855
40.Upperrightcornerofthecenterbumperbox,808,641,2024_nissan_versa_sedan_s_exp_izmo_1_036_1280x855.jpg,1280,855
41.Lowerleftcornerofthecenterbumperbox,470,659,2024_nissan_versa_sedan_s_exp_izmo_1_036_1280x855.jpg,1280,855
42.Lowerrightcornerofthecenterbumperbox,807,662,2024_nissan_versa_sedan_s_exp_izmo_1_036_1280x855.jpg,1280,855
43.Upperleftcorneroftheleftbumperbox,268,591,2024_nissan_versa_sedan_s_exp_izmo_1_036_1280x855.jpg,1280,855
44.Upperrightcorneroftheleftbumperbox,355,612,2024_nissan_versa_sedan_s_exp_izmo_1_036_1280x855.jpg,1280,855
45.Lowerleftcorneroftheleftbumperbox,272,627,2024_nissan_versa_sedan_s_exp_izmo_1_036_1280x855.jpg,1280,855
46.Lowerrightcorneroftheleftbumperbox,341,635,2024_nissan_versa_sedan_s_exp_izmo_1_036_1280x855.jpg,1280,855
47.Upperleftcorneroftherightbumperbox,925,614,2024_nissan_versa_sedan_s_exp_izmo_1_036_1280x855.jpg,1280,855
48.Upperrightcorneroftherightbumperbox,1006,597,2024_nissan_versa_sedan_s_exp_izmo_1_036_1280x855.jpg,1280,855
49.Lowerleftcorneroftherightbumperbox,939,639,2024_nissan_versa_sedan_s_exp_izmo_1_036_1280x855.jpg,1280,855
50.Lowerrightcorneroftherightbumperbox,1002,631,2024_nissan_versa_sedan_s_exp_izmo_1_036_1280x855.jpg,1280,855
1.Intersectionofthecenterlineandtheroofofacar,640,138,2024_toyota_camry_sedan_xle_f_oem_1_1280x855.jpg,1280,855
2.Intersectionofthecenterlineandtheupperedgeofthefrontwindshield,640,155,2024_toyota_camry_sedan_xle_f_oem_1_1280x855.jpg,1280,855
3.Intersectionofthecenterlineandtheloweredgeofthefrontwindshield,640,281,2024_toyota_camry_sedan_xle_f_oem_1_1280x855.jpg,1280,855
4.Intersectionofthecenterlineandtheupperedgeofthegrille,640,422,2024_toyota_camry_sedan_xle_f_oem_1_1280x855.jpg,1280,855
5.Intersectionofthecenterlineandtheloweredgeofthegrille,640,483,2024_toyota_camry_sedan_xle_f_oem_1_1280x855.jpg,1280,855
6.Intersectionofthecenterlineandtheupperedgeofthecenterbumperbox,640,498,2024_toyota_camry_sedan_xle_f_oem_1_1280x855.jpg,1280,855
7.Intersectionofthecenterlineandtheloweredgeofthecenterbumperbox,640,639,2024_toyota_camry_sedan_xle_f_oem_1_1280x855.jpg,1280,855
8.Intersectionofthecenterlineandthebaseofthecar,640,654,2024_toyota_camry_sedan_xle_f_oem_1_1280x855.jpg,1280,855
9.Upperleftcorneroftheroof,469,145,2024_toyota_camry_sedan_xle_f_oem_1_1280x855.jpg,1280,855
10.Upperrightcorneroftheroof,787,145,2024_toyota_camry_sedan_xle_f_oem_1_1280x855.jpg,1280,855
11.Upperleftcornerofthewindshield,452,161,2024_toyota_camry_sedan_xle_f_oem_1_1280x855.jpg,1280,855
12.Upperrightcornerofthewindshield,810,163,2024_toyota_camry_sedan_xle_f_oem_1_1280x855.jpg,1280,855
13.Lowerleftcornerofthewindshield,361,281,2024_toyota_camry_sedan_xle_f_oem_1_1280x855.jpg,1280,855
14.Lowerrightcornerofthewindshield,898,284,2024_toyota_camry_sedan_xle_f_oem_1_1280x855.jpg,1280,855
15.Upperleftcorneroftheleftmirror,284,255,2024_toyota_camry_sedan_xle_f_oem_1_1280x855.jpg,1280,855
16.Upperrightcorneroftheleftmirror,329,250,2024_toyota_camry_sedan_xle_f_oem_1_1280x855.jpg,1280,855
17.Lowerleftcorneroftheleftmirror,272,289,2024_toyota_camry_sedan_xle_f_oem_1_1280x855.jpg,1280,855
18.Lowercorneroftheconnectionoftheleftmirrorwiththecar,313,306,2024_toyota_camry_sedan_xle_f_oem_1_1280x855.jpg,1280,855
19.Upperleftcorneroftherightmirror,931,250,2024_toyota_camry_sedan_xle_f_oem_1_1280x855.jpg,1280,855
20.Upperrightcorneroftherightmirror,979,252,2024_toyota_camry_sedan_xle_f_oem_1_1280x855.jpg,1280,855
21.Lowerrightcorneroftherightmirror,997,286,2024_toyota_camry_sedan_xle_f_oem_1_1280x855.jpg,1280,855
22.Lowercorneroftheconnectionoftherightmirrorwiththecar,945,309,2024_toyota_camry_sedan_xle_f_oem_1_1280x855.jpg,1280,855
23.Farthestleftedgeofthecaratthesamehorizontalleveloftheupperedgeofthebumper(thedarkerline),235,500,2024_toyota_camry_sedan_xle_f_oem_1_1280x855.jpg,1280,855
24.Farthestrightedgeofthecaratthesamehorizontalleveloftheupperedgeofthebumper(thedarkerline),1018,500,2024_toyota_camry_sedan_xle_f_oem_1_1280x855.jpg,1280,855
25.Leftcornerofthebase,241,648,2024_toyota_camry_sedan_xle_f_oem_1_1280x855.jpg,1280,855
26.Rightcornerofthebase,1013,650,2024_toyota_camry_sedan_xle_f_oem_1_1280x855.jpg,1280,855
27.Upperleftcorneroftheleftheadlight,268,364,2024_toyota_camry_sedan_xle_f_oem_1_1280x855.jpg,1280,855
28.Upperrightcorneroftheleftheadlight,354,395,2024_toyota_camry_sedan_xle_f_oem_1_1280x855.jpg,1280,855
29.Lowerleftcorneroftheleftheadlight,259,412,2024_toyota_camry_sedan_xle_f_oem_1_1280x855.jpg,1280,855
30.Lowerrightcorneroftheleftheadlight,416,461,2024_toyota_camry_sedan_xle_f_oem_1_1280x855.jpg,1280,855
31.Upperleftcorneroftherightheadlight,900,397,2024_toyota_camry_sedan_xle_f_oem_1_1280x855.jpg,1280,855
32.Upperrightcorneroftherightheadlight,989,364,2024_toyota_camry_sedan_xle_f_oem_1_1280x855.jpg,1280,855
33.Lowerleftcorneroftherightheadlight,841,460,2024_toyota_camry_sedan_xle_f_oem_1_1280x855.jpg,1280,855
34.Lowerrightcorneroftherightheadlight,1000,410,2024_toyota_camry_sedan_xle_f_oem_1_1280x855.jpg,1280,855
35.Upperleftcornerofthegrille,365,392,2024_toyota_camry_sedan_xle_f_oem_1_1280x855.jpg,1280,855
36.Upperrightcornerofthegrille,889,394,2024_toyota_camry_sedan_xle_f_oem_1_1280x855.jpg,1280,855
37.Lowerleftcornerofthegrille,386,414,2024_toyota_camry_sedan_xle_f_oem_1_1280x855.jpg,1280,855
38.Lowerrightcornerofthegrille,868,416,2024_toyota_camry_sedan_xle_f_oem_1_1280x855.jpg,1280,855
39.Upperleftcornerofthecenterbumperbox,465,498,2024_toyota_camry_sedan_xle_f_oem_1_1280x855.jpg,1280,855
40.Upperrightcornerofthecenterbumperbox,794,500,2024_toyota_camry_sedan_xle_f_oem_1_1280x855.jpg,1280,855
41.Lowerleftcornerofthecenterbumperbox,394,634,2024_toyota_camry_sedan_xle_f_oem_1_1280x855.jpg,1280,855
42.Lowerrightcornerofthecenterbumperbox,862,633,2024_toyota_camry_sedan_xle_f_oem_1_1280x855.jpg,1280,855
43.Upperleftcorneroftheleftbumperbox,314,504,2024_toyota_camry_sedan_xle_f_oem_1_1280x855.jpg,1280,855
44.Upperrightcorneroftheleftbumperbox,408,523,2024_toyota_camry_sedan_xle_f_oem_1_1280x855.jpg,1280,855
45.Lowerleftcorneroftheleftbumperbox,263,585,2024_toyota_camry_sedan_xle_f_oem_1_1280x855.jpg,1280,855
46.Lowerrightcorneroftheleftbumperbox,367,612,2024_toyota_camry_sedan_xle_f_oem_1_1280x855.jpg,1280,855
47.Upperleftcorneroftherightbumperbox,849,525,2024_toyota_camry_sedan_xle_f_oem_1_1280x855.jpg,1280,855
48.Upperrightcorneroftherightbumperbox,939,504,2024_toyota_camry_sedan_xle_f_oem_1_1280x855.jpg,1280,855
49.Lowerleftcorneroftherightbumperbox,879,615,2024_toyota_camry_sedan_xle_f_oem_1_1280x855.jpg,1280,855
50.Lowerrightcorneroftherightbumperbox,991,585,2024_toyota_camry_sedan_xle_f_oem_1_1280x855.jpg,1280,855
1.Intersectionofthecenterlineandtheroofofacar,640,105,2024_toyota_corolla_sedan_se_fs_izmo_1_1280x855.jpg,1280,855
2.Intersectionofthecenterlineandtheupperedgeofthefrontwindshield,640,138,2024_toyota_corolla_sedan_se_fs_izmo_1_1280x855.jpg,1280,855
3.Intersectionofthecenterlineandtheloweredgeofthefrontwindshield,640,307,2024_toyota_corolla_sedan_se_fs_izmo_1_1280x855.jpg,1280,855
4.Intersectionofthecenterlineandtheupperedgeofthegrille,640,523,2024_toyota_corolla_sedan_se_fs_izmo_1_1280x855.jpg,1280,855
5.Intersectionofthecenterlineandtheloweredgeofthegrille,640,625,2024_toyota_corolla_sedan_se_fs_izmo_1_1280x855.jpg,1280,855
6.Intersectionofthecenterlineandtheupperedgeofthecenterbumperbox,640,633,2024_toyota_corolla_sedan_se_fs_izmo_1_1280x855.jpg,1280,855
7.Intersectionofthecenterlineandtheloweredgeofthecenterbumperbox,640,665,2024_toyota_corolla_sedan_se_fs_izmo_1_1280x855.jpg,1280,855
8.Intersectionofthecenterlineandthebaseofthecar,640,691,2024_toyota_corolla_sedan_se_fs_izmo_1_1280x855.jpg,1280,855
9.Upperleftcorneroftheroof,467,115,2024_toyota_corolla_sedan_se_fs_izmo_1_1280x855.jpg,1280,855
10.Upperrightcorneroftheroof,811,116,2024_toyota_corolla_sedan_se_fs_izmo_1_1280x855.jpg,1280,855
11.Upperleftcornerofthewindshield,436,145,2024_toyota_corolla_sedan_se_fs_izmo_1_1280x855.jpg,1280,855
12.Upperrightcornerofthewindshield,843,146,2024_toyota_corolla_sedan_se_fs_izmo_1_1280x855.jpg,1280,855
13.Lowerleftcornerofthewindshield,353,296,2024_toyota_corolla_sedan_se_fs_izmo_1_1280x855.jpg,1280,855
14.Lowerrightcornerofthewindshield,925,296,2024_toyota_corolla_sedan_se_fs_izmo_1_1280x855.jpg,1280,855
15.Upperleftcorneroftheleftmirror,256,255,2024_toyota_corolla_sedan_se_fs_izmo_1_1280x855.jpg,1280,855
16.Upperrightcorneroftheleftmirror,308,253,2024_toyota_corolla_sedan_se_fs_izmo_1_1280x855.jpg,1280,855
17.Lowerleftcorneroftheleftmirror,247,302,2024_toyota_corolla_sedan_se_fs_izmo_1_1280x855.jpg,1280,855
18.Lowercorneroftheconnectionoftheleftmirrorwiththecar,307,339,2024_toyota_corolla_sedan_se_fs_izmo_1_1280x855.jpg,1280,855
19.Upperleftcorneroftherightmirror,967,254,2024_toyota_corolla_sedan_se_fs_izmo_1_1280x855.jpg,1280,855
20.Upperrightcorneroftherightmirror,1025,255,2024_toyota_corolla_sedan_se_fs_izmo_1_1280x855.jpg,1280,855
21.Lowerrightcorneroftherightmirror,1029,304,2024_toyota_corolla_sedan_se_fs_izmo_1_1280x855.jpg,1280,855
22.Lowercorneroftheconnectionoftherightmirrorwiththecar,973,340,2024_toyota_corolla_sedan_se_fs_izmo_1_1280x855.jpg,1280,855
23.Farthestleftedgeofthecaratthesamehorizontalleveloftheupperedgeofthebumper(thedarkerline),254,500,2024_toyota_corolla_sedan_se_fs_izmo_1_1280x855.jpg,1280,855
24.Farthestrightedgeofthecaratthesamehorizontalleveloftheupperedgeofthebumper(thedarkerline),1024,501,2024_toyota_corolla_sedan_se_fs_izmo_1_1280x855.jpg,1280,855
25.Leftcornerofthebase,271,666,2024_toyota_corolla_sedan_se_fs_izmo_1_1280x855.jpg,1280,855
26.Rightcornerofthebase,1007,666,2024_toyota_corolla_sedan_se_fs_izmo_1_1280x855.jpg,1280,855
27.Upperleftcorneroftheleftheadlight,306,391,2024_toyota_corolla_sedan_se_fs_izmo_1_1280x855.jpg,1280,855
28.Upperrightcorneroftheleftheadlight,491,466,2024_toyota_corolla_sedan_se_fs_izmo_1_1280x855.jpg,1280,855
29.Lowerleftcorneroftheleftheadlight,341,510,2024_toyota_corolla_sedan_se_fs_izmo_1_1280x855.jpg,1280,855
30.Lowerrightcorneroftheleftheadlight,505,487,2024_toyota_corolla_sedan_se_fs_izmo_1_1280x855.jpg,1280,855
31.Upperleftcorneroftherightheadlight,785,467,2024_toyota_corolla_sedan_se_fs_izmo_1_1280x855.jpg,1280,855
32.Upperrightcorneroftherightheadlight,973,391,2024_toyota_corolla_sedan_se_fs_izmo_1_1280x855.jpg,1280,855
33.Lowerleftcorneroftherightheadlight,938,509,2024_toyota_corolla_sedan_se_fs_izmo_1_1280x855.jpg,1280,855
34.Lowerrightcorneroftherightheadlight,773,488,2024_toyota_corolla_sedan_se_fs_izmo_1_1280x855.jpg,1280,855
35.Upperleftcornerofthegrille,474,529,2024_toyota_corolla_sedan_se_fs_izmo_1_1280x855.jpg,1280,855
36.Upperrightcornerofthegrille,801,529,2024_toyota_corolla_sedan_se_fs_izmo_1_1280x855.jpg,1280,855
37.Lowerleftcornerofthegrille,403,623,2024_toyota_corolla_sedan_se_fs_izmo_1_1280x855.jpg,1280,855
38.Lowerrightcornerofthegrille,875,623,2024_toyota_corolla_sedan_se_fs_izmo_1_1280x855.jpg,1280,855
39.Upperleftcornerofthecenterbumperbox,377,632,2024_toyota_corolla_sedan_se_fs_izmo_1_1280x855.jpg,1280,855
40.Upperrightcornerofthecenterbumperbox,901,632,2024_toyota_corolla_sedan_se_fs_izmo_1_1280x855.jpg,1280,855
41.Lowerleftcornerofthecenterbumperbox,418,657,2024_toyota_corolla_sedan_se_fs_izmo_1_1280x855.jpg,1280,855
42.Lowerrightcornerofthecenterbumperbox,856,657,2024_toyota_corolla_sedan_se_fs_izmo_1_1280x855.jpg,1280,855
43.Upperleftcorneroftheleftbumperbox,291,563,2024_toyota_corolla_sedan_se_fs_izmo_1_1280x855.jpg,1280,855
44.Upperrightcorneroftheleftbumperbox,372,574,2024_toyota_corolla_sedan_se_fs_izmo_1_1280x855.jpg,1280,855
45.Lowerleftcorneroftheleftbumperbox,283,623,2024_toyota_corolla_sedan_se_fs_izmo_1_1280x855.jpg,1280,855
46.Lowerrightcorneroftheleftbumperbox,344,626,2024_toyota_corolla_sedan_se_fs_izmo_1_1280x855.jpg,1280,855
47.Upperleftcorneroftherightbumperbox,913,576,2024_toyota_corolla_sedan_se_fs_izmo_1_1280x855.jpg,1280,855
48.Upperrightcorneroftherightbumperbox,980,564,2024_toyota_corolla_sedan_se_fs_izmo_1_1280x855.jpg,1280,855
49.Lowerleftcorneroftherightbumperbox,933,626,2024_toyota_corolla_sedan_se_fs_izmo_1_1280x855.jpg,1280,855
50.Lowerrightcorneroftherightbumperbox,986,625,2024_toyota_corolla_sedan_se_fs_izmo_1_1280x855.jpg,1280,855
1.Intersectionofthecenterlineandtheroofofacar,640,84,2025_honda_civic_sedan_sport_fs_izmo_1_1280x855.jpg,1280,855
2.Intersectionofthecenterlineandtheupperedgeofthefrontwindshield,640,119,2025_honda_civic_sedan_sport_fs_izmo_1_1280x855.jpg,1280,855
3.Intersectionofthecenterlineandtheloweredgeofthefrontwindshield,640,289,2025_honda_civic_sedan_sport_fs_izmo_1_1280x855.jpg,1280,855
4.Intersectionofthecenterlineandtheupperedgeofthegrille,640,476,2025_honda_civic_sedan_sport_fs_izmo_1_1280x855.jpg,1280,855
5.Intersectionofthecenterlineandtheloweredgeofthegrille,640,540,2025_honda_civic_sedan_sport_fs_izmo_1_1280x855.jpg,1280,855
6.Intersectionofthecenterlineandtheupperedgeofthecenterbumperbox,640,563,2025_honda_civic_sedan_sport_fs_izmo_1_1280x855.jpg,1280,855
7.Intersectionofthecenterlineandtheloweredgeofthecenterbumperbox,640,672,2025_honda_civic_sedan_sport_fs_izmo_1_1280x855.jpg,1280,855
8.Intersectionofthecenterlineandthebaseofthecar,640,697,2025_honda_civic_sedan_sport_fs_izmo_1_1280x855.jpg,1280,855
9.Upperleftcorneroftheroof,431,94,2025_honda_civic_sedan_sport_fs_izmo_1_1280x855.jpg,1280,855
10.Upperrightcorneroftheroof,841,96,2025_honda_civic_sedan_sport_fs_izmo_1_1280x855.jpg,1280,855
11.Upperleftcornerofthewindshield,413,122,2025_honda_civic_sedan_sport_fs_izmo_1_1280x855.jpg,1280,855
12.Upperrightcornerofthewindshield,860,124,2025_honda_civic_sedan_sport_fs_izmo_1_1280x855.jpg,1280,855
13.Lowerleftcornerofthewindshield,331,282,2025_honda_civic_sedan_sport_fs_izmo_1_1280x855.jpg,1280,855
14.Lowerrightcornerofthewindshield,945,282,2025_honda_civic_sedan_sport_fs_izmo_1_1280x855.jpg,1280,855
15.Upperleftcorneroftheleftmirror,223,242,2025_honda_civic_sedan_sport_fs_izmo_1_1280x855.jpg,1280,855
16.Upperrightcorneroftheleftmirror,279,223,2025_honda_civic_sedan_sport_fs_izmo_1_1280x855.jpg,1280,855
17.Lowerleftcorneroftheleftmirror,239,278,2025_honda_civic_sedan_sport_fs_izmo_1_1280x855.jpg,1280,855
18.Lowercorneroftheconnectionoftheleftmirrorwiththecar,295,307,2025_honda_civic_sedan_sport_fs_izmo_1_1280x855.jpg,1280,855
19.Upperleftcorneroftherightmirror,999,224,2025_honda_civic_sedan_sport_fs_izmo_1_1280x855.jpg,1280,855
20.Upperrightcorneroftherightmirror,1057,243,2025_honda_civic_sedan_sport_fs_izmo_1_1280x855.jpg,1280,855
21.Lowerrightcorneroftherightmirror,1045,277,2025_honda_civic_sedan_sport_fs_izmo_1_1280x855.jpg,1280,855
22.Lowercorneroftheconnectionoftherightmirrorwiththecar,981,309,2025_honda_civic_sedan_sport_fs_izmo_1_1280x855.jpg,1280,855
23.Farthestleftedgeofthecaratthesamehorizontalleveloftheupperedgeofthebumper(thedarkerline),227,541,2025_honda_civic_sedan_sport_fs_izmo_1_1280x855.jpg,1280,855
24.Farthestrightedgeofthecaratthesamehorizontalleveloftheupperedgeofthebumper(thedarkerline),1045,541,2025_honda_civic_sedan_sport_fs_izmo_1_1280x855.jpg,1280,855
25.Leftcornerofthebase,252,675,2025_honda_civic_sedan_sport_fs_izmo_1_1280x855.jpg,1280,855
26.Rightcornerofthebase,1023,679,2025_honda_civic_sedan_sport_fs_izmo_1_1280x855.jpg,1280,855
27.Upperleftcorneroftheleftheadlight,256,397,2025_honda_civic_sedan_sport_fs_izmo_1_1280x855.jpg,1280,855
28.Upperrightcorneroftheleftheadlight,417,447,2025_honda_civic_sedan_sport_fs_izmo_1_1280x855.jpg,1280,855
29.Lowerleftcorneroftheleftheadlight,243,448,2025_honda_civic_sedan_sport_fs_izmo_1_1280x855.jpg,1280,855
30.Lowerrightcorneroftheleftheadlight,424,486,2025_honda_civic_sedan_sport_fs_izmo_1_1280x855.jpg,1280,855
31.Upperleftcorneroftherightheadlight,857,449,2025_honda_civic_sedan_sport_fs_izmo_1_1280x855.jpg,1280,855
32.Upperrightcorneroftherightheadlight,1018,400,2025_honda_civic_sedan_sport_fs_izmo_1_1280x855.jpg,1280,855
33.Lowerleftcorneroftherightheadlight,850,487,2025_honda_civic_sedan_sport_fs_izmo_1_1280x855.jpg,1280,855
34.Lowerrightcorneroftherightheadlight,1034,461,2025_honda_civic_sedan_sport_fs_izmo_1_1280x855.jpg,1280,855
35.Upperleftcornerofthegrille,480,470,2025_honda_civic_sedan_sport_fs_izmo_1_1280x855.jpg,1280,855
36.Upperrightcornerofthegrille,790,470,2025_honda_civic_sedan_sport_fs_izmo_1_1280x855.jpg,1280,855
37.Lowerleftcornerofthegrille,469,533,2025_honda_civic_sedan_sport_fs_izmo_1_1280x855.jpg,1280,855
38.Lowerrightcornerofthegrille,809,532,2025_honda_civic_sedan_sport_fs_izmo_1_1280x855.jpg,1280,855
39.Upperleftcornerofthecenterbumperbox,399,570,2025_honda_civic_sedan_sport_fs_izmo_1_1280x855.jpg,1280,855
40.Upperrightcornerofthecenterbumperbox,873,572,2025_honda_civic_sedan_sport_fs_izmo_1_1280x855.jpg,1280,855
41.Lowerleftcornerofthecenterbumperbox,379,668,2025_honda_civic_sedan_sport_fs_izmo_1_1280x855.jpg,1280,855
42.Lowerrightcornerofthecenterbumperbox,900,664,2025_honda_civic_sedan_sport_fs_izmo_1_1280x855.jpg,1280,855
43.Upperleftcorneroftheleftbumperbox,238,566,2025_honda_civic_sedan_sport_fs_izmo_1_1280x855.jpg,1280,855
44.Upperrightcorneroftheleftbumperbox,246,564,2025_honda_civic_sedan_sport_fs_izmo_1_1280x855.jpg,1280,855
45.Lowerleftcorneroftheleftbumperbox,254,650,2025_honda_civic_sedan_sport_fs_izmo_1_1280x855.jpg,1280,855
46.Lowerrightcorneroftheleftbumperbox,270,650,2025_honda_civic_sedan_sport_fs_izmo_1_1280x855.jpg,1280,855
47.Upperleftcorneroftherightbumperbox,1029,568,2025_honda_civic_sedan_sport_fs_izmo_1_1280x855.jpg,1280,855
48.Upperrightcorneroftherightbumperbox,1036,569,2025_honda_civic_sedan_sport_fs_izmo_1_1280x855.jpg,1280,855
49.Lowerleftcorneroftherightbumperbox,1005,653,2025_honda_civic_sedan_sport_fs_izmo_1_1280x855.jpg,1280,855
50.Lowerrightcorneroftherightbumperbox,1019,653,2025_honda_civic_sedan_sport_fs_izmo_1_1280x855.jpg,1280,855
1.Intersectionofthecenterlineandtheroofofacar,640,124,2025_toyota_camry_sedan_se_f_oem_1_1280x855.jpg,1280,855
2.Intersectionofthecenterlineandtheupperedgeofthefrontwindshield,640,149,2025_toyota_camry_sedan_se_f_oem_1_1280x855.jpg,1280,855
3.Intersectionofthecenterlineandtheloweredgeofthefrontwindshield,640,296,2025_toyota_camry_sedan_se_f_oem_1_1280x855.jpg,1280,855
4.Intersectionofthecenterlineandtheupperedgeofthegrille,640,440,2025_toyota_camry_sedan_se_f_oem_1_1280x855.jpg,1280,855
5.Intersectionofthecenterlineandtheloweredgeofthegrille,640,467,2025_toyota_camry_sedan_se_f_oem_1_1280x855.jpg,1280,855
6.Intersectionofthecenterlineandtheupperedgeofthecenterbumperbox,640,510,2025_toyota_camry_sedan_se_f_oem_1_1280x855.jpg,1280,855
7.Intersectionofthecenterlineandtheloweredgeofthecenterbumperbox,640,633,2025_toyota_camry_sedan_se_f_oem_1_1280x855.jpg,1280,855
8.Intersectionofthecenterlineandthebaseofthecar,640,644,2025_toyota_camry_sedan_se_f_oem_1_1280x855.jpg,1280,855
9.Upperleftcorneroftheroof,424,134,2025_toyota_camry_sedan_se_f_oem_1_1280x855.jpg,1280,855
10.Upperrightcorneroftheroof,858,132,2025_toyota_camry_sedan_se_f_oem_1_1280x855.jpg,1280,855
11.Upperleftcornerofthewindshield,416,158,2025_toyota_camry_sedan_se_f_oem_1_1280x855.jpg,1280,855
12.Upperrightcornerofthewindshield,866,159,2025_toyota_camry_sedan_se_f_oem_1_1280x855.jpg,1280,855
13.Lowerleftcornerofthewindshield,328,295,2025_toyota_camry_sedan_se_f_oem_1_1280x855.jpg,1280,855
14.Lowerrightcornerofthewindshield,958,300,2025_toyota_camry_sedan_se_f_oem_1_1280x855.jpg,1280,855
15.Upperleftcorneroftheleftmirror,222,269,2025_toyota_camry_sedan_se_f_oem_1_1280x855.jpg,1280,855
16.Upperrightcorneroftheleftmirror,279,265,2025_toyota_camry_sedan_se_f_oem_1_1280x855.jpg,1280,855
17.Lowerleftcorneroftheleftmirror,204,309,2025_toyota_camry_sedan_se_f_oem_1_1280x855.jpg,1280,855
18.Lowercorneroftheconnectionoftheleftmirrorwiththecar,263,339,2025_toyota_camry_sedan_se_f_oem_1_1280x855.jpg,1280,855
19.Upperleftcorneroftherightmirror,1011,264,2025_toyota_camry_sedan_se_f_oem_1_1280x855.jpg,1280,855
20.Upperrightcorneroftherightmirror,1072,268,2025_toyota_camry_sedan_se_f_oem_1_1280x855.jpg,1280,855
21.Lowerrightcorneroftherightmirror,1088,309,2025_toyota_camry_sedan_se_f_oem_1_1280x855.jpg,1280,855
22.Lowercorneroftheconnectionoftherightmirrorwiththecar,1020,340,2025_toyota_camry_sedan_se_f_oem_1_1280x855.jpg,1280,855
23.Farthestleftedgeofthecaratthesamehorizontalleveloftheupperedgeofthebumper(thedarkerline),227,495,2025_toyota_camry_sedan_se_f_oem_1_1280x855.jpg,1280,855
24.Farthestrightedgeofthecaratthesamehorizontalleveloftheupperedgeofthebumper(thedarkerline),1057,495,2025_toyota_camry_sedan_se_f_oem_1_1280x855.jpg,1280,855
25.Leftcornerofthebase,236,662,2025_toyota_camry_sedan_se_f_oem_1_1280x855.jpg,1280,855
26.Rightcornerofthebase,1051,663,2025_toyota_camry_sedan_se_f_oem_1_1280x855.jpg,1280,855
27.Upperleftcorneroftheleftheadlight,259,372,2025_toyota_camry_sedan_se_f_oem_1_1280x855.jpg,1280,855
28.Upperrightcorneroftheleftheadlight,414,396,2025_toyota_camry_sedan_se_f_oem_1_1280x855.jpg,1280,855
29.Lowerleftcorneroftheleftheadlight,251,415,2025_toyota_camry_sedan_se_f_oem_1_1280x855.jpg,1280,855
30.Lowerrightcorneroftheleftheadlight,390,446,2025_toyota_camry_sedan_se_f_oem_1_1280x855.jpg,1280,855
31.Upperleftcorneroftherightheadlight,869,396,2025_toyota_camry_sedan_se_f_oem_1_1280x855.jpg,1280,855
32.Upperrightcorneroftherightheadlight,1025,374,2025_toyota_camry_sedan_se_f_oem_1_1280x855.jpg,1280,855
33.Lowerleftcorneroftherightheadlight,895,443,2025_toyota_camry_sedan_se_f_oem_1_1280x855.jpg,1280,855
34.Lowerrightcorneroftherightheadlight,1034,414,2025_toyota_camry_sedan_se_f_oem_1_1280x855.jpg,1280,855
35.Upperleftcornerofthegrille,390,428,2025_toyota_camry_sedan_se_f_oem_1_1280x855.jpg,1280,855
36.Upperrightcornerofthegrille,894,430,2025_toyota_camry_sedan_se_f_oem_1_1280x855.jpg,1280,855
37.Lowerleftcornerofthegrille,400,449,2025_toyota_camry_sedan_se_f_oem_1_1280x855.jpg,1280,855
38.Lowerrightcornerofthegrille,887,447,2025_toyota_camry_sedan_se_f_oem_1_1280x855.jpg,1280,855
39.Upperleftcornerofthecenterbumperbox,403,504,2025_toyota_camry_sedan_se_f_oem_1_1280x855.jpg,1280,855
40.Upperrightcornerofthecenterbumperbox,888,505,2025_toyota_camry_sedan_se_f_oem_1_1280x855.jpg,1280,855
41.Lowerleftcornerofthecenterbumperbox,325,618,2025_toyota_camry_sedan_se_f_oem_1_1280x855.jpg,1280,855
42.Lowerrightcornerofthecenterbumperbox,958,618,2025_toyota_camry_sedan_se_f_oem_1_1280x855.jpg,1280,855
43.Upperleftcorneroftheleftbumperbox,278,498,2025_toyota_camry_sedan_se_f_oem_1_1280x855.jpg,1280,855
44.Upperrightcorneroftheleftbumperbox,340,493,2025_toyota_camry_sedan_se_f_oem_1_1280x855.jpg,1280,855
45.Lowerleftcorneroftheleftbumperbox,244,619,2025_toyota_camry_sedan_se_f_oem_1_1280x855.jpg,1280,855
46.Lowerrightcorneroftheleftbumperbox,272,627,2025_toyota_camry_sedan_se_f_oem_1_1280x855.jpg,1280,855
47.Upperleftcorneroftherightbumperbox,946,494,2025_toyota_camry_sedan_se_f_oem_1_1280x855.jpg,1280,855
48.Upperrightcorneroftherightbumperbox,1016,504,2025_toyota_camry_sedan_se_f_oem_1_1280x855.jpg,1280,855
49.Lowerleftcorneroftherightbumperbox,1014,627,2025_toyota_camry_sedan_se_f_oem_1_1280x855.jpg,1280,855
50.Lowerrightcorneroftherightbumperbox,1040,619,2025_toyota_camry_sedan_se_f_oem_1_1280x855.jpg,1280,855
1.Intersectionofthecenterlineandtheroofofacar,640,102,2025_toyota_camry_sedan_xle_f_oem_1_1280x855.jpg,1280,855
2.Intersectionofthecenterlineandtheupperedgeofthefrontwindshield,640,146,2025_toyota_camry_sedan_xle_f_oem_1_1280x855.jpg,1280,855
3.Intersectionofthecenterlineandtheloweredgeofthefrontwindshield,640,307,2025_toyota_camry_sedan_xle_f_oem_1_1280x855.jpg,1280,855
4.Intersectionofthecenterlineandtheupperedgeofthegrille,640,498,2025_toyota_camry_sedan_xle_f_oem_1_1280x855.jpg,1280,855
5.Intersectionofthecenterlineandtheloweredgeofthegrille,640,521,2025_toyota_camry_sedan_xle_f_oem_1_1280x855.jpg,1280,855
6.Intersectionofthecenterlineandtheupperedgeofthecenterbumperbox,640,562,2025_toyota_camry_sedan_xle_f_oem_1_1280x855.jpg,1280,855
7.Intersectionofthecenterlineandtheloweredgeofthecenterbumperbox,640,680,2025_toyota_camry_sedan_xle_f_oem_1_1280x855.jpg,1280,855
8.Intersectionofthecenterlineandthebaseofthecar,640,691,2025_toyota_camry_sedan_xle_f_oem_1_1280x855.jpg,1280,855
9.Upperleftcorneroftheroof,450,108,2025_toyota_camry_sedan_xle_f_oem_1_1280x855.jpg,1280,855
10.Upperrightcorneroftheroof,820,110,2025_toyota_camry_sedan_xle_f_oem_1_1280x855.jpg,1280,855
11.Upperleftcornerofthewindshield,438,147,2025_toyota_camry_sedan_xle_f_oem_1_1280x855.jpg,1280,855
12.Upperrightcornerofthewindshield,846,152,2025_toyota_camry_sedan_xle_f_oem_1_1280x855.jpg,1280,855
13.Lowerleftcornerofthewindshield,349,308,2025_toyota_camry_sedan_xle_f_oem_1_1280x855.jpg,1280,855
14.Lowerrightcornerofthewindshield,935,310,2025_toyota_camry_sedan_xle_f_oem_1_1280x855.jpg,1280,855
15.Upperleftcorneroftheleftmirror,259,262,2025_toyota_camry_sedan_xle_f_oem_1_1280x855.jpg,1280,855
16.Upperrightcorneroftheleftmirror,309,261,2025_toyota_camry_sedan_xle_f_oem_1_1280x855.jpg,1280,855
17.Lowerleftcorneroftheleftmirror,243,299,2025_toyota_camry_sedan_xle_f_oem_1_1280x855.jpg,1280,855
18.Lowercorneroftheconnectionoftheleftmirrorwiththecar,301,342,2025_toyota_camry_sedan_xle_f_oem_1_1280x855.jpg,1280,855
19.Upperleftcorneroftherightmirror,980,261,2025_toyota_camry_sedan_xle_f_oem_1_1280x855.jpg,1280,855
20.Upperrightcorneroftherightmirror,1034,264,2025_toyota_camry_sedan_xle_f_oem_1_1280x855.jpg,1280,855
21.Lowerrightcorneroftherightmirror,1048,300,2025_toyota_camry_sedan_xle_f_oem_1_1280x855.jpg,1280,855
22.Lowercorneroftheconnectionoftherightmirrorwiththecar,984,346,2025_toyota_camry_sedan_xle_f_oem_1_1280x855.jpg,1280,855
23.Farthestleftedgeofthecaratthesamehorizontalleveloftheupperedgeofthebumper(thedarkerline),258,496,2025_toyota_camry_sedan_xle_f_oem_1_1280x855.jpg,1280,855
24.Farthestrightedgeofthecaratthesamehorizontalleveloftheupperedgeofthebumper(thedarkerline),1029,496,2025_toyota_camry_sedan_xle_f_oem_1_1280x855.jpg,1280,855
25.Leftcornerofthebase,270,672,2025_toyota_camry_sedan_xle_f_oem_1_1280x855.jpg,1280,855
26.Rightcornerofthebase,1015,679,2025_toyota_camry_sedan_xle_f_oem_1_1280x855.jpg,1280,855
27.Upperleftcorneroftheleftheadlight,285,402,2025_toyota_camry_sedan_xle_f_oem_1_1280x855.jpg,1280,855
28.Upperrightcorneroftheleftheadlight,432,446,2025_toyota_camry_sedan_xle_f_oem_1_1280x855.jpg,1280,855
29.Lowerleftcorneroftheleftheadlight,278,452,2025_toyota_camry_sedan_xle_f_oem_1_1280x855.jpg,1280,855
30.Lowerrightcorneroftheleftheadlight,405,493,2025_toyota_camry_sedan_xle_f_oem_1_1280x855.jpg,1280,855
31.Upperleftcorneroftherightheadlight,856,447,2025_toyota_camry_sedan_xle_f_oem_1_1280x855.jpg,1280,855
32.Upperrightcorneroftherightheadlight,1000,404,2025_toyota_camry_sedan_xle_f_oem_1_1280x855.jpg,1280,855
33.Lowerleftcorneroftherightheadlight,879,498,2025_toyota_camry_sedan_xle_f_oem_1_1280x855.jpg,1280,855
34.Lowerrightcorneroftherightheadlight,1009,453,2025_toyota_camry_sedan_xle_f_oem_1_1280x855.jpg,1280,855
35.Upperleftcornerofthegrille,402,474,2025_toyota_camry_sedan_xle_f_oem_1_1280x855.jpg,1280,855
36.Upperrightcornerofthegrille,882,477,2025_toyota_camry_sedan_xle_f_oem_1_1280x855.jpg,1280,855
37.Lowerleftcornerofthegrille,412,496,2025_toyota_camry_sedan_xle_f_oem_1_1280x855.jpg,1280,855
38.Lowerrightcornerofthegrille,873,496,2025_toyota_camry_sedan_xle_f_oem_1_1280x855.jpg,1280,855
39.Upperleftcornerofthecenterbumperbox,416,551,2025_toyota_camry_sedan_xle_f_oem_1_1280x855.jpg,1280,855
40.Upperrightcornerofthecenterbumperbox,871,552,2025_toyota_camry_sedan_xle_f_oem_1_1280x855.jpg,1280,855
41.Lowerleftcornerofthecenterbumperbox,346,654,2025_toyota_camry_sedan_xle_f_oem_1_1280x855.jpg,1280,855
42.Lowerrightcornerofthecenterbumperbox,941,656,2025_toyota_camry_sedan_xle_f_oem_1_1280x855.jpg,1280,855
43.Upperleftcorneroftheleftbumperbox,282,563,2025_toyota_camry_sedan_xle_f_oem_1_1280x855.jpg,1280,855
44.Upperrightcorneroftheleftbumperbox,290,573,2025_toyota_camry_sedan_xle_f_oem_1_1280x855.jpg,1280,855
45.Lowerleftcorneroftheleftbumperbox,273,640,2025_toyota_camry_sedan_xle_f_oem_1_1280x855.jpg,1280,855
46.Lowerrightcorneroftheleftbumperbox,279,642,2025_toyota_camry_sedan_xle_f_oem_1_1280x855.jpg,1280,855
47.Upperleftcorneroftherightbumperbox,995,573,2025_toyota_camry_sedan_xle_f_oem_1_1280x855.jpg,1280,855
48.Upperrightcorneroftherightbumperbox,1005,562,2025_toyota_camry_sedan_xle_f_oem_1_1280x855.jpg,1280,855
49.Lowerleftcorneroftherightbumperbox,1007,647,2025_toyota_camry_sedan_xle_f_oem_1_1280x855.jpg,1280,855
50.Lowerrightcorneroftherightbumperbox,1015,647,2025_toyota_camry_sedan_xle_f_oem_1_1280x855.jpg,1280,855
1.Intersectionofthecenterlineandtheroofofacar,640,237,img-4-960x.jpg,1280,855
2.Intersectionofthecenterlineandtheupperedgeofthefrontwindshield,640,259,img-4-960x.jpg,1280,855
3.Intersectionofthecenterlineandtheloweredgeofthefrontwindshield,640,363,img-4-960x.jpg,1280,855
4.Intersectionofthecenterlineandtheupperedgeofthegrille,640,496,img-4-960x.jpg,1280,855
5.Intersectionofthecenterlineandtheloweredgeofthegrille,640,527,img-4-960x.jpg,1280,855
6.Intersectionofthecenterlineandtheupperedgeofthecenterbumperbox,640,610,img-4-960x.jpg,1280,855
7.Intersectionofthecenterlineandtheloweredgeofthecenterbumperbox,640,669,img-4-960x.jpg,1280,855
8.Intersectionofthecenterlineandthebaseofthecar,640,681,img-4-960x.jpg,1280,855
9.Upperleftcorneroftheroof,447,248,img-4-960x.jpg,1280,855
10.Upperrightcorneroftheroof,839,254,img-4-960x.jpg,1280,855
11.Upperleftcornerofthewindshield,423,271,img-4-960x.jpg,1280,855
12.Upperrightcornerofthewindshield,860,271,img-4-960x.jpg,1280,855
13.Lowerleftcornerofthewindshield,363,366,img-4-960x.jpg,1280,855
14.Lowerrightcornerofthewindshield,920,371,img-4-960x.jpg,1280,855
15.Upperleftcorneroftheleftmirror,260,355,img-4-960x.jpg,1280,855
16.Upperrightcorneroftheleftmirror,312,336,img-4-960x.jpg,1280,855
17.Lowerleftcorneroftheleftmirror,265,379,img-4-960x.jpg,1280,855
18.Lowercorneroftheconnectionoftheleftmirrorwiththecar,314,402,img-4-960x.jpg,1280,855
19.Upperleftcorneroftherightmirror,968,342,img-4-960x.jpg,1280,855
20.Upperrightcorneroftherightmirror,1027,359,img-4-960x.jpg,1280,855
21.Lowerrightcorneroftherightmirror,1017,387,img-4-960x.jpg,1280,855
22.Lowercorneroftheconnectionoftherightmirrorwiththecar,970,408,img-4-960x.jpg,1280,855
23.Farthestleftedgeofthecaratthesamehorizontalleveloftheupperedgeofthebumper(thedarkerline),250,536,img-4-960x.jpg,1280,855
24.Farthestrightedgeofthecaratthesamehorizontalleveloftheupperedgeofthebumper(thedarkerline),1032,536,img-4-960x.jpg,1280,855
25.Leftcornerofthebase,261,672,img-4-960x.jpg,1280,855
26.Rightcornerofthebase,1016,679,img-4-960x.jpg,1280,855
27.Upperleftcorneroftheleftheadlight,294,422,img-4-960x.jpg,1280,855
28.Upperrightcorneroftheleftheadlight,433,486,img-4-960x.jpg,1280,855
29.Lowerleftcorneroftheleftheadlight,276,532,img-4-960x.jpg,1280,855
30.Lowerrightcorneroftheleftheadlight,392,510,img-4-960x.jpg,1280,855
31.Upperleftcorneroftherightheadlight,856,489,img-4-960x.jpg,1280,855
32.Upperrightcorneroftherightheadlight,990,429,img-4-960x.jpg,1280,855
33.Lowerleftcorneroftherightheadlight,894,514,img-4-960x.jpg,1280,855
34.Lowerrightcorneroftherightheadlight,1006,540,img-4-960x.jpg,1280,855
35.Upperleftcornerofthegrille,438,487,img-4-960x.jpg,1280,855
36.Upperrightcornerofthegrille,850,492,img-4-960x.jpg,1280,855
37.Lowerleftcornerofthegrille,336,506,img-4-960x.jpg,1280,855
38.Lowerrightcornerofthegrille,948,512,img-4-960x.jpg,1280,855
39.Upperleftcornerofthecenterbumperbox,415,596,img-4-960x.jpg,1280,855
40.Upperrightcornerofthecenterbumperbox,869,600,img-4-960x.jpg,1280,855
41.Lowerleftcornerofthecenterbumperbox,413,663,img-4-960x.jpg,1280,855
42.Lowerrightcornerofthecenterbumperbox,870,666,img-4-960x.jpg,1280,855
43.Upperleftcorneroftheleftbumperbox,287,572,img-4-960x.jpg,1280,855
44.Upperrightcorneroftheleftbumperbox,374,590,img-4-960x.jpg,1280,855
45.Lowerleftcorneroftheleftbumperbox,278,647,img-4-960x.jpg,1280,855
46.Lowerrightcorneroftheleftbumperbox,338,653,img-4-960x.jpg,1280,855
47.Upperleftcorneroftherightbumperbox,906,597,img-4-960x.jpg,1280,855
48.Upperrightcorneroftherightbumperbox,996,577,img-4-960x.jpg,1280,855
49.Lowerleftcorneroftherightbumperbox,941,661,img-4-960x.jpg,1280,855
50.Lowerrightcorneroftherightbumperbox,1002,652,img-4-960x.jpg,1280,855
